1	NA
.	NC
Fundit	NC
ok	CC
byggt	VB
Grænland	CC
.	NC


	NC
Þorvaldr	-
hét	VB
maðr	NC
,	-
sonr	NC
Ásvalds	AJ
Úlfssonar	NC
,	-
Öxna	DD
-	-
Þórissonar	NC
.	NP
Þorvaldr	NC
ok	CU
Eiríkr	VB
inn	DD
rauði	AJ
,	-
sonr	NC
hans	PE
,	-
fóru	VB
af	AP
Jaðri	NC
til	AP
Íslands	NC
fyrir	AP
víga	NC
sakir	NC
.	NC
Þá	AJ
var	VB
víða	AV
byggt	VB
Ísland	DD
.	NC
Þeir	AJ
bjuggu	NC
fyrst	AJ
at	AP
Dröngum	VB
á	AP
Hornströndum	NC
.	NC
Þar	NC
andaðist	NC
Þorvaldr	AJ
.	NC

	VB
Eiríkr	NP
fekk	VB
þá	AV
Þjóðhildar	NC
,	-
dóttur	NC
Jörundar	DQ
Úlfssonar	NC
ok	CU
Þorbjargar	AP
knarrarbringu	NC
,	-
er	RP
þá	AV
átti	VB
Þorbjörn	NC
inn	DD
haukdælski	AJ
.	NC
Réðst	NC
Eiríkr	VB
þá	AV
norðan	AV
ok	CC
bjó	VB
á	AP
Eiríksstöðum	NC
hjá	AP
Vatnshorni	NC
.	DQ
Sonr	NC
Eiríks	NC
ok	CC
Þjóðhildar	UA
hét	VB
Leifr	NC
.	NC

	VB
Enn	VB
eftir	AP
víg	NC
Eyjólfs	NC
saurs	NC
ok	CC
Hólmgöngu	AJ
-	-
Hrafns	AV
var	VB
Eiríkr	VB
gerr	AV
brott	AV
ór	AP
Haukadal	NC
.	NC
Fór	VB
hann	PE
vestr	AV
til	AP
Breiðafjarðar	NC
ok	CC
bjó	VB
í	AP
Öxney	NP
á	AP
Eiríksstöðum	NC
.	NC

	VB
Hann	NC
léði	VB
Þorgesti	AV
á	AP
Breiðabólstað	NP
setstokka	NC
ok	CU
náði	VB
eigi	AV
,	-
er	CS
hann	PE
kallaði	VB
til	AP
.	NC
Þaðan	NC
af	AP
gerðust	NC
deilur	NC
ok	CU
bardagar	VB
með	AP
þeim	DD
Þorgesti	NC
,	-
sem	CU
segir	VB
í	AP
sögu	NC
Eiríks	NC
.	NC
Styrr	AP
Þorgrímsson	NC
veitti	VB
Eiríki	NC
at	AP
málum	NC
ok	CC
Eyjólfr	NC
ór	AP
Svíney	NC
,	-
ok	CC
synir	NC
Þorbrands	NE
ór	AP
Álftafirði	NC
ok	CU
Þorbjörn	NC
Vífilsson	NC
.	NC
En	VB
Þorgestlingum	NC
veittu	VB
synir	NC
Þórðar	NC
Gellis	AV
ok	CC
Þorgeirr	VB
ór	AP
Hítardal	NC
.	NC

	VB
Eiríkr	NC
varð	VB
sekr	AJ
á	AP
Þórsnessþingi	NC
.	NC
Bjó	DD
Eiríkr	VB
þá	AV
skip	NC
sitt	DP
til	AP
hafs	NC
í	AP
Eiríksvági	AP
.	NC
En	VB
er	CS
hann	PE
var	VB
búinn	VB
,	-
fylgðu	VB
þeir	DD
Styrr	AP
honum	PE
út	AV
um	AP
eyjar	NC
.	NC
Eiríkr	NC
sagði	VB
þeim	DD
,	-
at	CS
hann	PE
ætlaði	VB
at	IM
leita	VB
lands	NC
þess	DD
,	-
er	RP
Gunnbjörn	VB
,	-
sonr	NC
Úlfs	AJ
kráku	NC
,	-
sá	DD
,	-
er	RP
hann	PE
rak	VB
vestr	AV
um	AP
haf	NC
,	-
þá	AV
er	RP
hann	PE
fann	VB
Gunnbjarnarsker	AV
.	NC
Kveðst	VB
hann	PE
aftr	AV
mundu	VB
leita	VB
til	AP
vina	NC
sinna	DP
,	-
ef	CU
hann	PE
fyndi	VB
landit	NC
.	NC

	VB
Eiríkr	CC
sigldi	VB
undan	AP
Snæfellsjökli	NC
.	NA
Hann	NC
fann	VB
landit	NC
,	-
ok	CC
kom	VB
útan	AV
at	AP
því	DD
,	-
þar	AV
sem	CS
hann	PE
kallaði	VB
Miðjökul	AV
.	NC
Sá	NC
heitir	VB
nú	AV
Bláserkr	NC
.	NP
Hann	NC
fór	VB
þá	AV
þaðan	AV
suðr	AV
með	AP
landinu	NC
at	IM
leita	VB
,	-
ef	CS
þaðan	AV
væri	VB
byggjanda	NP
landit	NC
.	NC

	VB
Hann	NC
var	VB
inn	AT
fyrsta	NO
vetr	NC
í	AP
Eiríksey	NP
,	-
nær	AV
miðri	AJ
inni	AV
eystri	AJ
byggð	NC
.	DQ
Um	VB
várit	NC
eftir	VP
fór	VB
hann	PE
til	AP
Eiríksfjarðar	NC
ok	CC
tók	VB
sér	PE
þar	AV
bústað	NC
.	PI
Hann	NC
fór	VB
þat	DD
sumar	NC
í	AP
ina	DD
vestri	NP
óbyggð	AJ
ok	CC
gaf	VB
víða	AV
örnefni	NC
.	DQ
Hann	NC
var	VB
annan	NO
vetr	NC
í	AP
Hólmum	NC
við	AP
Hvarfsgnípu	NP
,	-
en	CC
it	DD
þriðja	AJ
sumarit	NC
fór	VB
allt	AJ
norðr	AV
til	AP
Snæfells	NC
ok	CC
inn	VB
i	AP
Hrafnsfjörð	NC
.	NC
Þá	AJ
kvaðst	CS
hann	PE
kominn	VB
fyrir	AP
botn	NC
Eiríksfjarðar	NC
.	NC
Hvarf	VB
hann	PE
þá	AV
aftr	AV
ok	CC
var	VB
inn	AT
þriðja	NO
vetr	NC
í	AP
Eiríksey	NC
fyrir	AP
mynni	NC
Eiríksfjarðar	NC
.	NC

	VB
Eftir	AV
um	AP
sumarit	NC
fór	VB
hann	PE
til	VP
Íslands	AV
ok	CC
kom	VB
skipi	NC
sínu	DP
í	AP
Breiðafjörð	NC
.	NC
Hann	NC
kallaði	VB
land	NC
þat	DD
,	-
er	RP
hann	PE
hafði	VB
fundit	VB
,	-
Grænland	VB
,	-
því	DD
at	CS
hann	PE
kvað	VB
þat	DD
mundu	VB
fýsa	VB
menn	NC
þangat	AV
,	-
ef	CS
landit	NC
héti	VB
vel	AV
.	NC
Eiríkr	NC
var	VB
á	AP
Íslandi	NC
um	AP
vetrinn	NC
,	-
en	CC
um	AP
sumarit	NC
eftir	VP
fór	VB
hann	PE
at	IM
byggja	VB
landit	NC
.	AJ
Hann	NC
bjó	VB
í	AP
Brattahlíð	NP
í	AP
Eiríksfirði	DP
.	NC

	VB
Svá	NC
segja	VB
fróðir	NC
menn	NC
,	-
at	CS
á	AP
því	DD
sama	AJ
sumri	NC
,	-
er	VB
Eiríkr	NC
rauði	AJ
fór	VB
at	IM
byggja	VB
Grænland	VB
,	-
þá	AV
fór	VB
hálfr	NC
þriði	NO
tögr	AJ
skipa	VB
ór	AP
Breiðafirði	NC
ok	CC
Borgarfirði	NP
,	-
enn	AV
fjórtán	AJ
kómust	NC
út	AV
þangat	AV
.	PI
Sum	NC
rak	VB
aftr	AV
,	-
en	CC
sum	FW
týndust	NC
.	NC
Þat	CC
var	VB
fimmtán	VB
vetrum	NC
fyrr	AV
en	CC
kristni	NP
var	VB
lögtekin	NC
á	AP
Íslandi	NC
.	NC
Á	NC
því	DD
sama	AJ
sumri	NC
fór	VB
útan	AV
Friðrekr	AJ
biskup	NC
ok	CC
Þorvaldr	VB
Koðránsson	AP
.	NC

	VB
Þessir	AJ
menn	NC
námu	NC
land	NC
á	AP
Grænlandi	NC
,	-
er	CS
þá	AV
fóru	VB
út	AV
með	AP
Eiríki	NC
:	-
Herjólfr	DD
Herjólfsfjörð	NP
,	-
-	-
hann	PE
bjó	VB
á	AP
Herjólfsnesi	NC
,	-
-	-
Ketill	VB
Ketilsfjörð	NP
,	-
Hrafn	AV
Hrafnsfjörð	VB
,	-
Sölvi	AP
Sölvadal	VB
,	-
Helgi	AV
Þorbrandsson	VB
Álftafjörð	NC
,	-
Þorbjörn	NC
glóra	NP
Siglufjörð	AV
,	-
Einarr	VB
Einarsfjörð	AV
,	-
Hafgrímr	AV
Hafgrímsfjörð	NC
ok	CC
Vatnahverfi	AV
,	-
Arnlaugr	VB
Arnlaugsfjörð	PD
.	NC
En	VB
sumir	AJ
fóru	VB
til	AP
Vestribyggðar	NC
.	PI



	VB
2	NA
.	NC
Bjarni	NC
Herjólfsson	NC
leitar	VB
Grænlands	NC
.	NC


	NC
Herjólfr	AV
var	VB
Bárðarson	VB
Herjólfssonar	NP
.	NA
Hann	NC
var	VB
frændi	VB
Ingólfs	AV
landnámamanns	NC
.	NC
Þeim	AV
Herjólfi	NC
gaf	VB
Ingólfr	NC
land	NC
á	AP
milli	AP
Vágs	NC
ok	CC
Reykjaness	NC
.	NC

	VB
Herjólfr	AV
bjó	VB
fyrst	AV
á	AP
Drepstokki	NC
.	NC
Þorgerðr	NP
hét	VB
kona	NC
hans	PE
,	-
en	CC
Bjarni	AJ
sonr	NC
þeira	DD
ok	CC
var	VB
inn	AV
efniligsti	AJ
maðr	NC
.	VB
Hann	NC
fýstist	NC
útan	AV
þegar	AV
á	AP
unga	AJ
aldri	NC
.	NC
Varð	NC
honum	PE
gott	AJ
bæði	CC
til	AP
fjár	NC
ok	CC
mannvirðingar	AJ
,	-
ok	CC
var	VB
sinn	DP
vetr	NC
hvárt	AJ
,	-
útan	AP
lands	NC
eða	CC
með	AP
feðr	NC
sínum	DP
.	NC
Brátt	NC
átti	VB
Bjarni	AJ
skip	NC
í	AP
förum	NC
.	NC
Ok	NC
inn	DD
síðasta	AJ
vetr	NC
,	-
er	RP
hann	PE
var	VB
í	AP
Nóregi	NC
,	-
þá	AV
brá	VB
Herjólfr	NC
til	AP
Grænlandsferðar	AJ
með	AP
Eiríki	NC
ok	CC
brá	VB
búi	NC
sínu	DP
.	NC

	VB
Með	NC
Herjólfi	PE
var	VB
á	AP
skipi	NC
suðreyskr	NC
maðr	NC
,	-
kristinn	AJ
,	-
sá	DD
er	RP
orti	VB
Hafgerðingadrápu	NC
.	AJ
Þar	NC
er	CS
þetta	DD
stef	VB
í	AP
:	-


	NC
Mínar	AP
biðk	VB
at	AP
munka	NC
reyni	VB

	VB
meinalausan	NC
farar	NC
beina	NC
.	NC

	VB
Heiðis	AJ
haldi	NC
hárar	NC
foldar	NC

	VB
hallar	NC
dróttinn	NC
yfir	AP
mér	PE
stalli	NC
.	VB


	NC
Herjólfr	NC
bjó	VB
á	AP
Herjólfsnesi	VB
.	NA
Hann	NC
var	VB
inn	AT
göfgasti	AJ
maðr	NC
.	NC

	VB
Eiríkr	DD
rauði	AJ
bjó	VB
í	AP
Brattahlíð	AT
.	NC
Hann	NC
var	VB
þar	AV
með	AP
mestri	AJ
virðingu	NC
,	-
ok	CC
lutu	VB
allir	DQ
til	AP
hans	PE
.	NC
Þessi	NC
váru	VB
börn	NC
Eiríks	NC
:	-
Leifr	NC
,	-
Þorvaldr	VB
ok	CU
Þorsteinn	AV
,	-
en	CC
Freydís	FN
hét	VB
dóttir	NC
hans	PE
.	NC
Hon	NC
var	VB
gift	VB
þeim	DD
manni	NC
,	-
er	RP
Þorvarðr	UA
hét	VB
,	-
ok	CC
bjuggu	NC
þau	DD
í	AP
Görðum	NC
,	-
þar	AV
sem	CS
nú	AV
er	VB
biskupsstóll	NC
.	DQ
Hon	NC
var	VB
svarri	NC
mikill	AJ
,	-
enn	AV
Þorvarðr	VB
var	VB
lítilmenni	NC
.	NC
Var	NC
hon	PE
mjök	AV
gefin	VB
til	AP
fjár	NC
.	DQ
Heiðit	NC
var	VB
fólk	NC
á	VB
Grænlandi	NC
í	AP
þann	DD
tíma	NC
.	NC

	VB
Þat	AV
sama	AJ
sumar	NC
kom	VB
Bjarni	AP
skipi	NC
sínu	DP
á	AP
Eyrar	NC
,	-
er	CS
faðir	NC
hans	PE
hafði	VB
brot	AV
siglt	VB
um	AP
várit	NC
.	DQ
Þau	AJ
tíðendi	NC
þóttu	VB
Bjarna	NC
mikil	AJ
ok	CC
vildi	VB
eigi	AV
bera	VB
af	AP
skipi	NC
sínu	DP
.	NC
Þá	DD
spurðu	VB
hásetar	NC
hans	PE
,	-
hvat	PQ
er	RP
hann	PE
bærist	VB
fyrir	AP
,	-
en	CC
hann	PE
svarar	VB
,	-
at	CS
hann	PE
ætlaði	VB
at	IM
halda	VB
siðvenju	NC
sinni	DP
ok	CC
þiggja	VB
at	AP
föður	NC
sínum	DP
vetrvist	NC
,	-
-	-
"	-
ok	CC
vil	VB
ek	PE
halda	VB
skipinu	NC
til	AP
Grænlands	NC
,	-
ef	CS
þér	PE
vilið	VB
mér	PE
fylgð	VB
veita	VB
"	-
.	NC

	VB
Allir	NC
kváðust	NC
hans	PE
ráðum	NC
fylgja	VB
vilja	VB
.	PI

	VB
Þá	NC
mælti	VB
Bjarni	NC
:	-
"	-
Óvitrlig	NP
mun	VB
þykkja	VB
vár	DP
ferð	NC
,	-
þar	AV
sem	CS
engi	DQ
vár	NC
hefir	VB
komit	VB
í	AP
Grænlandshaf	AJ
.	NC
"	-

	VB
Enn	NP
þó	AV
halda	VB
þeir	DD
nú	AV
í	AP
haf	NC
,	-
þegar	CS
þeir	DD
váru	VB
búnir	VB
,	-
ok	CC
sigldu	VB
þrjá	DQ
daga	NC
,	-
þar	AV
til	AP
er	CS
landit	NC
var	VB
vatnat	AJ
,	-
en	CC
þá	AV
tók	VB
af	AP
byrina	NC
ok	CC
lagði	VB
á	AP
norrænur	NC
ok	CC
þokur	NC
,	-
ok	CC
vissu	VB
þeir	DD
eigi	AV
,	-
hvert	PQ
at	CS
þeir	DD
fóru	VB
,	-
ok	CC
skipti	VB
þat	DD
mörgum	AJ
dægrum	NC
.	NC

	VB
Eftir	AV
þat	DD
sá	VB
þeir	DD
sól	NC
ok	CC
máttu	VB
þá	DD
deila	NC
ættir	VB
,	-
vinda	AJ
nú	AV
segl	NC
ok	CC
sigla	VB
þetta	DD
dægr	NC
,	-
áðr	CS
þeir	DD
sá	VB
land	NC
,	-
ok	CC
ræddu	NC
um	VP
með	AP
sér	PE
,	-
hvat	PQ
landi	NC
þetta	DD
mun	VB
vera	VB
,	-
en	CC
Bjarni	AJ
kveðst	VB
hyggja	VB
,	-
at	CS
þat	PE
mundi	VB
eigi	AV
Grænland	CS
.	NC

	VB
Þeir	NC
spyrja	VB
,	-
hvárt	CS
hann	PE
vill	VB
sigla	VB
at	AP
þessu	DD
landi	NC
eðr	CC
eigi	AV
.	NC

	VB
Hann	AJ
svarar	VB
:	-
"	-
Þat	AV
er	VB
mitt	DP
ráð	NC
at	IM
sigla	VB
í	AP
nánd	NC
við	AP
landit	NC
.	NC
"	-
Ok	CS
svá	AV
gera	VB
þeir	DD
ok	CU
sá	VB
þat	DD
brátt	AJ
,	-
at	CS
landit	NC
var	VB
ófjöllótt	VB
ok	CC
skógi	NC
vaxit	VB
,	-
ok	CC
smár	NC
hæðir	VB
á	AP
landinu	NC
,	-
ok	CC
létu	VB
landit	NC
á	AP
bakborða	NC
ok	CC
létu	VB
skaut	NC
horfa	VB
á	AP
land	NC
.	NC

	VB
Síðan	AJ
sigla	VB
þeir	DD
tvau	NA
dægr	NC
,	-
áðr	CS
þeir	DD
sá	VB
land	NC
annat	DQ
.	NC

	VB
Þeir	NC
spyrja	VB
,	-
hvárt	CS
Bjarni	NC
ætlaði	VB
þat	DD
enn	AV
Grænland	VB
.	NC
Hann	NC
kvaðst	VB
eigi	AV
heldr	AV
ætla	NC
þetta	DD
Grænland	AV
en	CU
it	DD
fyrra	AJ
,	-
-	-
"	-
því	DD
at	CS
jöklar	AJ
eru	VB
mjök	AV
miklir	AJ
sagðir	NC
á	AP
Grænlandi	NC
.	NC
"	-

	VB
Þeir	AJ
nálguðust	NC
brátt	AJ
þetta	DD
land	NC
ok	CC
sá	VB
þat	DD
vera	VB
slétt	AJ
land	NC
ok	CC
viði	NC
vaxit	VB
.	NC
Þá	NP
tók	VB
af	AP
byr	NC
fyrir	AP
þeim	DD
.	NC
Þá	DD
ræddu	NC
hásetar	NC
þat	DD
,	-
at	CS
þeim	DD
þótti	VB
þat	DD
ráð	NC
at	IM
taka	VB
þat	DD
land	NC
,	-
en	CC
Bjarni	AJ
vill	VB
þat	DD
eigi	AV
.	VB
Þeir	AJ
þóttust	NC
bæði	CC
þurfa	VB
við	AP
ok	CC
vatn	NC
.	NC

	VB
"	-
At	NC
engu	DQ
eruð	VB
þér	PE
því	DD
óbirgir	NP
,	-
"	-
segir	VB
Bjarni	VP
,	-
en	CC
þó	AV
fekk	VB
hann	PE
af	AP
því	DD
nökkut	VB
ámæli	AJ
af	AP
hásetum	NC
sínum	DP
.	NC

	VB
Hann	UA
bað	VB
þá	DD
vinda	AJ
segl	NC
,	-
ok	CC
svá	AV
var	VB
gert	VB
,	-
ok	CC
settu	VB
framstafn	NC
frá	AP
landi	NC
ok	CC
sigla	VB
í	AP
haf	NC
útsynnings	AJ
byr	NC
þrjú	AJ
dægr	NC
ok	CC
sá	VB
þá	DD
landit	NC
it	DD
þriðja	NO
.	NC
En	VB
þat	DD
land	NC
var	VB
hátt	AJ
ok	CU
fjöllótt	NC
ok	CC
jökull	AJ
á	AP
.	NC

	NC
Þeir	NC
spyrja	VB
þá	AV
,	-
ef	CS
Bjarni	AV
vildi	VB
at	AP
landi	NC
láta	VB
þar	AV
,	-
en	CC
hann	PE
kvaðst	VB
eigi	AV
þat	DD
vilja	VB
,	-
-	-
"	-
því	DD
at	CS
mér	PE
lízt	VB
þetta	DD
land	NC
ógagnvænligt	AJ
.	NC
"	-

	VB
Nú	NC
lögðu	VB
þeir	DD
eigi	AV
segl	NC
sitt	DP
,	-
halda	VB
með	AP
landinu	NC
fram	AV
ok	CC
sá	VB
,	-
at	CS
þat	DD
var	VB
eyland	AJ
,	-
settu	VB
enn	AV
stafn	NC
við	AP
því	DD
landi	NC
ok	CC
heldu	VB
í	AP
haf	NC
inn	DD
sama	AJ
byr	NC
.	NC
En	VB
veðr	NC
óx	VB
í	AP
hönd	NC
,	-
ok	CC
bað	VB
Bjarni	PE
þá	DD
svipta	NC
ok	CC
eigi	AV
sigla	VB
meira	AJ
en	CC
bæði	CC
dygði	NC
vel	AV
skipi	NC
þeira	DD
ok	CC
reiða	NC
,	-
sigldu	VB
nú	AV
fjögr	AJ
dægr	NC
.	NC

	VB
Þá	DD
sá	DD
þeir	DD
land	NC
it	DD
fjórða	NO
.	NC
Þá	AJ
spurðu	VB
þeir	DD
Bjarna	NC
,	-
hvárt	CS
hann	PE
ætlaði	VB
þetta	DD
vera	VB
Grænland	VB
,	-
eða	CC
eigi	AV
.	DQ

	VB
Bjarni	AJ
svarar	VB
:	-
"	-
Þetta	NC
er	VB
líkast	AJ
því	DD
,	-
er	RP
mér	PE
er	VB
sagt	VB
frá	AP
Grænlandi	NC
,	-
ok	CC
hér	AV
munum	VB
vér	PE
at	AP
landi	NC
halda	VB
.	NC
"	-

	VB
Svá	NC
gera	VB
þeir	DD
ok	CC
taka	VB
land	NC
undir	AP
einhverju	PI
nesi	NC
at	AP
kveldi	NC
dags	NC
,	-
ok	CC
var	VB
þar	AV
bátr	NC
á	AP
nesinu	NC
.	NC
En	VB
þar	AV
bjó	VB
Herjólfr	VB
,	-
faðir	NC
Bjarna	NC
,	-
á	AP
því	DD
nesi	NC
,	-
ok	CC
af	AP
því	DD
hefir	VB
nesit	AJ
nafn	NC
tekit	VB
ok	CC
er	VB
síðan	AV
kallat	VB
Herjólfsnes	NC
.	NC
Fór	NC
Bjarni	NC
nú	AV
til	AP
föður	NC
síns	DP
ok	CC
hættir	VB
nú	AV
siglingum	NC
ok	CC
er	VB
með	AP
föður	NC
sínum	DP
,	-
meðan	CS
Herjólfr	AV
lifði	VB
,	-
ok	CC
síðan	AV
bjó	VB
hann	PE
þar	AV
eftir	AP
föður	NC
sinn	DP
.	NC



	VB
3	NA
.	NC
Leifr	NC
fann	VB
Vínland	AV
it	DD
góða	AJ
.	NC


	NC
Þat	NC
er	VB
nú	AV
þessu	DD
næst	AJ
,	-
at	CS
Bjarni	AJ
Herjólfsson	NC
kom	VB
útan	AP
af	AP
Grænlandi	NC
á	AP
fund	NC
Eiríks	NC
jarls	NC
,	-
ok	CC
tók	VB
jarl	NC
við	AP
honum	PE
vel	AV
.	VB
Sagði	AV
Bjarni	AJ
frá	AP
ferðum	NC
sínum	DP
,	-
er	RP
hann	PE
hafði	VB
lönd	AJ
sét	VB
,	-
ok	CC
þótti	VB
mönnum	NC
hann	PE
verit	VB
hafa	VB
óforvitinn	NC
,	-
er	RP
hann	PE
hafði	VB
ekki	PI
at	IM
segja	VB
af	AP
þeim	DD
löndum	UA
,	-
ok	CC
fekk	VB
han	VB
af	AP
því	DD
nökkut	AJ
ámæli	AJ
.	NC

	VB
Bjarni	AJ
gerðist	VB
hirðmaðr	NC
jarls	NC
ok	CC
fór	VB
út	AV
til	AP
Grænlands	NP
um	AP
sumarit	NC
eftir	AP
.	NC
Var	NC
nú	AV
mikil	AJ
umræða	NC
um	AP
landaleitan	NC
.	NC

	VB
Leifr	NC
,	-
sonr	NC
Eiríks	NC
rauða	AJ
ór	AP
Brattahlíð	NP
,	-
fór	VB
á	AP
fund	NC
Bjarna	NC
Herjólfssonar	AV
ok	CC
keypti	VB
skip	NC
at	AP
honum	PE
ok	CC
réð	VB
til	AP
háseta	NC
,	-
svá	AV
at	CS
þeir	DD
váru	VB
hálfr	AJ
fjórði	NO
tögr	AJ
manna	NC
saman	AV
.	NC
Leifr	NC
bað	VB
föður	NC
sinn	DP
,	-
Eirík	NC
,	-
at	CS
hann	PE
mundi	VB
enn	AV
fyrir	AP
vera	VB
förinni	NC
.	NC

	VB
Eiríkr	VB
talðist	NC
heldr	AV
undan	AV
,	-
kveðst	VB
þá	AV
vera	VB
hniginn	VB
í	AP
aldr	NC
ok	CC
kveðst	NC
minna	AJ
mega	VB
við	AP
vási	NC
öllu	UA
en	CC
var	VB
.	NC
Leifr	NC
kveðr	VB
hann	PE
enn	AV
mundu	VB
mestri	AJ
heill	AJ
stýra	VB
af	AP
þeim	DD
frændum	NC
.	NC

	VB
Ok	CS
þetta	DD
lét	VB
Eiríkr	VB
eftir	VP
Leifi	NC
ok	CC
riðr	VB
heiman	AV
,	-
þá	AV
er	CS
þeir	DD
eru	VB
at	AP
því	DD
búnir	VB
,	-
ok	CC
var	VB
þá	AV
skammt	AJ
at	IM
fara	VB
til	AP
skipsins	NC
.	NC
Drepr	VB
hestrinn	NC
fæti	NC
,	-
sá	DD
er	CS
Eiríkr	VB
reið	VB
,	-
ok	CC
fell	VB
hann	PE
af	AP
baki	NC
,	-
ok	CC
lestist	VB
fótr	NC
hans	PE
.	NC
Þá	DD
mælti	AJ
Eiríkr	NC
:	-
"	-
Ekki	NP
mun	VB
mér	PE
ætlat	AV
at	IM
finna	VB
lönd	AJ
fleiri	AJ
enn	AV
þetta	DD
,	-
er	RP
nú	AV
byggjum	VB
vér	PE
.	DQ
Munum	VB
vér	PE
nú	AV
ekki	AV
lengr	AV
fara	VB
allir	AJ
samt	AJ
.	NC
"	-
Fór	AJ
Eiríkr	NC
heim	AV
í	AP
Brattahlíð	NP
,	-
en	CC
Leifr	NC
réðst	VB
til	AP
skips	NC
,	-
ok	CC
félagar	NC
hans	PE
með	AP
honum	PE
,	-
hálfr	VB
fjórði	NO
tögr	AJ
manna	NC
.	NC
Þar	NC
var	VB
Suðrmaðr	NC
einn	NA
í	AP
ferð	NC
,	-
er	RP
Tyrkir	NP
hét	VB
.	NC

	VB
Nú	NC
bjuggu	NC
þeir	DD
skip	NC
sitt	DP
ok	CC
sigldu	VB
í	AP
haf	NC
,	-
þá	AV
er	CS
þeir	DD
váru	VB
búnir	VB
,	-
ok	CC
fundu	VB
þá	AV
þat	DD
land	NC
fyrst	AV
,	-
er	CS
þeir	DD
Bjarni	VB
fundu	VB
síðast	AV
.	DQ
Þar	NC
sigla	VB
þeir	DD
at	AP
landi	NC
,	-
ok	CC
köstuðu	AJ
akkerum	NC
ok	CC
skutu	VB
báti	NC
ok	CC
fóru	VB
á	AP
land	NC
ok	CC
sá	VB
þar	AV
eigi	AV
gras	NC
.	DQ
Jöklar	CC
miklir	AJ
váru	VB
allt	AJ
it	AT
efra	AJ
,	-
en	CC
sem	CS
ein	NA
hella	NC
væri	VB
allt	AJ
til	AP
jöklanna	NC
frá	AP
sjónum	NC
,	-
ok	CC
sýndist	NC
þeim	DD
þat	DD
land	NC
vera	VB
gæðalaust	NC
.	NC

	VB
Þá	NC
mælti	VB
Leifr	NC
:	-
"	-
Eigi	NC
er	VB
oss	PE
nú	AV
þat	DD
orðit	VB
um	AP
þetta	DD
land	NC
sem	CS
Bjarna	VB
,	-
at	CS
vér	PE
hafim	VB
eigi	AV
komit	VB
á	AP
landit	NC
.	NC
Nú	NC
mun	VB
ek	PE
gefa	VB
nafn	NC
landinu	NC
,	-
ok	CC
kalla	VB
Helluland	CC
"	-
.	NC

	VB
Síðan	NP
fóru	VB
þeir	DD
til	AP
skips	NC
.	NC
Eftir	NC
þetta	DD
sigla	VB
þeir	DD
í	AP
haf	NC
ok	CC
fundu	VB
land	NC
annat	DQ
,	-
sigla	VB
enn	AV
at	AP
landi	NC
ok	CC
kasta	VB
akkerum	NC
,	-
skjóta	VB
síðan	AV
báti	NC
ok	CC
ganga	VB
á	AP
landit	NC
.	NC
Þat	NC
land	NC
var	VB
slétt	AJ
ok	CC
skógi	NC
vaxit	VB
,	-
ok	CC
sandar	NC
hvítir	VB
víða	AV
,	-
þar	AV
sem	CS
þeir	DD
fóru	VB
,	-
ok	CC
ósæbratt	NC
.	NC

	VB
Þá	NC
mælti	VB
Leifr	NC
:	-
"	-
Af	AV
kostum	NP
skal	VB
þessu	DD
landi	NC
nafn	NC
gefa	VB
ok	CU
kalla	VB
Markland	NC
,	-
"	-
-	-
fóru	VB
síðan	AV
ofan	AV
aftr	AV
til	AP
skips	NC
sem	CS
fljótast	DQ
.	NC

	VB
Nú	NC
sigla	VB
þeir	DD
þaðan	AV
í	AP
haf	NC
landnyrðingsveðr	AJ
ok	CC
váru	VB
úti	AV
tvau	NA
dægr	NC
,	-
áðr	CS
þeir	DD
sá	VB
land	NC
,	-
ok	CC
sigldu	VB
at	AP
landi	NC
ok	CC
kómu	VB
at	AP
ey	NC
einni	AJ
,	-
er	CS
lá	VB
norðr	AV
af	AP
landinu	NC
,	-
ok	CC
gengu	VB
þar	AV
upp	AV
ok	CC
sást	NC
um	AP
í	AP
góðu	AJ
veðri	NC
ok	CC
fundu	VB
þat	DD
,	-
at	CS
dögg	NC
var	VB
á	AP
grasinu	NC
,	-
ok	CC
varð	VB
þeim	DD
þat	DD
fyrir	VP
,	-
at	CS
þeir	DD
tóku	VB
höndum	NC
sínum	DP
í	AP
döggina	NC
ok	CC
brugðu	NC
í	AP
munn	NC
sér	PE
ok	CC
þóttust	VB
ekki	PI
jafnsætt	NC
kennt	VB
hafa	VB
sem	CS
þat	DD
var	VB
.	NC

	VB
Síðan	NP
fóru	VB
þeir	DD
til	AP
skip	NC
síns	DP
ok	CC
sigldu	VB
í	AP
sund	NC
þat	DD
,	-
er	RP
lá	VB
milli	AP
eyjarinnar	NC
ok	CC
ness	NC
þess	DD
,	-
er	RP
norðr	AV
gekk	VB
af	AP
landinu	NC
,	-
stefndu	VB
í	AP
vestrætt	NC
fyrir	AP
nesit	NC
.	NC
Þar	NC
var	VB
grunnsævi	NC
mikit	AJ
at	AP
fjöru	NC
sjávar	NC
,	-
ok	CC
stóð	VB
þá	AV
uppi	AV
skip	NC
þeira	DD
,	-
ok	CC
var	VB
þá	AV
langt	AJ
til	AP
sjávar	NC
at	IM
sjá	VB
frá	AP
skipinu	NC
.	NC

	VB
En	VB
þeim	DD
var	VB
svá	AV
mikil	AJ
forvitni	NC
á	AP
at	IM
fara	VB
til	AP
landsins	NC
,	-
at	CS
þeir	DD
nenntu	VB
eigi	AV
þess	DD
at	IM
bíða	VB
,	-
at	CU
sjór	NC
felli	VB
undir	AP
skip	NC
þeira	DD
,	-
ok	CC
runnu	VB
til	AP
lands	NC
,	-
þar	AV
er	RP
á	VP
ein	NA
fell	VB
ór	AP
vatni	NC
einu	AJ
.	NC
En	VB
þegar	CS
sjór	NC
fell	VB
undir	AP
skip	NC
þeira	DD
,	-
þá	AV
tóku	VB
þeir	DD
bátinn	NC
ok	CC
reru	VB
til	AP
skipsins	NC
ok	CC
fluttu	VB
þat	DD
upp	AV
í	AP
ána	NC
,	-
síðan	AV
í	AP
vatnit	NP
,	-
ok	CC
köstuðu	VB
þar	AV
akkerum	NC
ok	CC
báru	VB
af	AP
skipi	NC
húðföt	NC
sín	DP
ok	CC
gerðu	VB
þar	AV
búðir	NC
,	-
tóku	VB
þat	DD
ráð	NC
síðan	AV
at	IM
búast	VB
þar	AV
um	AP
þann	DD
vetr	NC
ok	CC
gerðu	VB
þar	AV
hús	NC
mikil	AJ
.	NC
Hvárki	NC
skorti	VB
þar	AV
lax	NC
í	AP
ánni	NC
né	CC
í	AP
vatninu	NC
ok	CC
stærra	NC
lax	VP
en	CC
þeir	DD
hefði	VB
fyrr	AV
sét	VB
.	NC

	VB
Þar	NC
var	VB
svá	AV
góðr	AJ
landskostr	NC
,	-
at	CU
því	DD
er	VB
þeim	DD
sýndist	VB
,	-
at	CS
þar	AV
mundi	VB
engi	PI
fénaðr	NC
fóðr	NC
þurfa	VB
á	AP
vetrum	NC
.	DQ
Þar	NC
kómu	VB
engi	PI
frost	VB
á	AP
vetrum	NC
,	-
ok	CC
lítt	AV
rénuðu	VB
þar	AV
grös	NC
.	NC
Meira	NC
var	VB
þar	AV
jafndægri	VB
en	CS
á	AP
Grænlandi	NC
eða	CC
Íslandi	NC
.	NC
Sól	NC
hafði	VB
þar	AV
eyktar	AJ
stað	NC
ok	CU
dagmála	NC
stað	NC
um	AP
skammdegi	PD
.	NC

	NC
En	VB
er	CS
þeir	DD
höfðu	VB
lokit	VB
húsgerð	NC
sinni	DP
,	-
þá	AV
mælti	VB
Leifr	NC
við	AP
föruneyti	NC
sitt	DP
:	-
"	-
Nú	NC
vil	VB
ek	PE
skipta	NC
láta	VB
liði	NC
váru	VB
í	AP
tvá	NA
staði	NC
,	-
ok	CC
vil	VB
ek	PE
kanna	VB
láta	VB
landit	NC
,	-
ok	CC
skal	VB
helmingr	NC
liðs	NC
vera	VB
við	AP
skála	NC
heima	AV
,	-
enn	AV
annarr	NO
helmingr	NC
skal	VB
kanna	AJ
landit	NC
ok	CC
fara	VB
eigi	AV
lengra	AJ
en	CS
þeir	DD
komi	VB
heim	AV
at	AP
kveldi	NC
,	-
ok	CC
skilist	VB
eigi	AV
.	NC
"	-

	VB
Nú	NC
gerðu	VB
þeir	DD
svá	AV
um	AP
stund	NC
.	DQ
Leifr	NC
gerði	VB
ýmisst	VB
,	-
at	CS
hann	PE
fór	VB
með	AP
þeim	DD
eða	CC
var	VB
heima	AV
at	AP
skála	NC
.	NC

	VB
Leifr	NC
var	VB
mikill	AJ
maðr	NC
ok	CC
sterkr	AJ
,	-
manna	NC
sköruligastr	NC
at	IM
sjá	VB
,	-
vitr	AJ
maðr	NC
ok	CU
góðr	AJ
hófsmaðr	NC
um	AP
alla	AJ
hluti	NC
.	NC



	VB
4	NA
.	NC
Leifr	NC
inn	DD
heppni	AJ
fann	VB
menn	NC
í	AP
skeri	NC
.	NC


	NC
Á	VB
einhverju	PI
kveldi	NC
bar	VB
þat	DD
til	AP
tíðenda	NC
,	-
at	CS
manns	NC
var	VB
vant	AJ
af	AP
liði	NC
þeira	DD
,	-
ok	CC
var	VB
þat	DD
Tyrkir	NP
Suðrmaðr	AJ
.	NC
Leifr	NC
kunni	VB
því	DD
stórilla	AJ
,	-
því	DD
at	CS
Tyrkir	VB
hafði	VB
lengi	AV
verit	VB
með	AP
þeim	DD
feðgum	NC
,	-
ok	CC
elskat	NC
mjök	AV
Leif	NC
í	AP
barnæsku	NC
.	NC
Taldi	NC
Leifr	NC
nú	AV
mjök	AV
á	AP
hendr	NC
förunautum	NC
sínum	DP
ok	CC
bjóst	VB
til	AP
ferðar	NC
at	IM
leita	VB
hans	PE
ok	CU
tólf	VB
menn	NC
með	AP
honum	PE
.	NC

	NC
En	VB
er	CS
þeir	DD
váru	VB
skammt	AJ
komnir	VB
frá	AP
skála	NC
,	-
þá	AV
gekk	VB
Tyrkir	NP
í	AP
mót	NC
þeim	DD
,	-
ok	CC
var	VB
honum	PE
vel	AV
fagnat	VB
.	NC

	DP
Leifr	NC
fann	VB
þat	DD
brátt	AJ
,	-
at	CS
fóstra	NC
hans	PE
var	VB
skapgott	NC
.	NC
Hann	NC
var	VB
brattleitr	AJ
ok	CC
lauseygr	NP
,	-
smáskitlegr	VB
í	AP
andliti	NC
,	-
lítill	AJ
vexti	NC
ok	CC
vesallegr	NC
,	-
en	CC
íþróttamaðr	NC
á	AP
alls	AJ
konar	NC
hagleik	NC
.	NC

	VB
Þá	NC
mælti	VB
Leifr	NC
til	AP
hans	PE
:	-
"	-
Hví	NC
varstu	VB
svá	AV
seinn	AJ
,	-
fóstri	NC
minn	DP
,	-
ok	CC
fráskili	NC
föruneytinu	NC
?	-
"	-

	VB
Hann	NC
talaði	VB
þá	AV
fyrst	AV
lengi	AV
á	AP
þýzku	NC
ok	CC
skaut	VB
marga	AJ
vega	NC
augunum	NP
ok	CC
gretti	VB
sik	PE
.	NC
En	VB
þeir	DD
skilðu	VB
eigi	AV
,	-
hvat	PQ
er	RP
hann	PE
sagði	VB
.	NC

	DP
Hann	UA
mælti	VB
þá	AV
á	AP
norrænu	NP
,	-
er	CS
stund	NC
leið	VB
:	-
"	-
Ek	AJ
var	VB
genginn	VB
eigi	AV
miklu	AJ
lengra	AJ
en	CS
þit	PE
.	VB
Kann	NP
ek	PE
nökkur	NC
nýnæmi	AJ
at	IM
segja	VB
.	NC
Ek	NC
fann	VB
vínvið	NC
ok	CC
vínber	AJ
.	NC
"	-

	VB
"	-
Mun	AJ
þat	DD
satt	AJ
,	-
fóstri	NC
minn	DP
?	-
"	-
kvað	VB
Leifr	NC
.	NC

	VB
"	-
At	AJ
vísu	AJ
er	VB
þat	DD
satt	AJ
,	-
"	-
kvað	VB
hann	PE
,	-
"	-
því	DD
at	CS
ek	PE
var	VB
þar	AV
fæddr	NC
,	-
er	CS
hvárki	CC
skorti	VB
vínvið	NC
né	AV
vínber	AJ
"	-
.	NC

	VB
Nú	NO
sváfu	VB
þeir	DD
af	AP
þá	DD
nótt	NC
,	-
en	CC
um	AP
morguninn	NC
mælti	VB
Leifr	NC
við	AP
háseta	NC
sína	DP
:	-
"	-
Nú	AV
skal	VB
hafa	VB
tvennar	VB
sýslur	NC
fram	AV
,	-
ok	CC
skal	VB
sinn	DP
dag	NC
hvárt	CS
,	-
lesa	VB
vínber	VB
eða	CC
höggva	VB
við	AP
ok	CC
fella	VB
mörkina	NC
,	-
svá	AV
at	CS
þat	DD
verði	VB
farmr	NC
til	AP
skips	NC
míns	DP
.	NC
"	-
Ok	CS
þetta	DD
var	VB
ráðs	NC
tekit	VB
.	NC

	VB
Svá	NC
er	VB
sagt	VB
,	-
at	CU
eftirbátr	NC
þeira	DD
var	VB
fylldr	VB
af	AP
vínberjum	NC
.	NC
Nú	NC
var	VB
höggvinn	NC
farmr	NC
á	AP
skipit	NC
.	NC

	VB
Ok	AV
er	VB
várar	DP
,	-
þá	AV
bjuggust	VB
þeir	PE
ok	CC
sigldu	VB
burt	VB
,	-
ok	CC
gaf	VB
Leifr	NC
nafn	NC
landinu	NC
eftir	AP
landkostum	NP
ok	CC
kallaði	VB
Vínland	AV
,	-
sigla	VB
nú	AV
síðan	AV
í	AP
haf	NC
,	-
ok	CC
gaf	VB
þeim	DD
vel	AV
byri	NC
,	-
þar	AV
til	AP
er	CS
þeir	DD
sá	VB
Grænland	VB
ok	CU
fjöll	VB
undir	AP
jöklum	AJ
.	NC

	VB
Þá	DD
tók	VB
einn	NA
maðr	NC
til	AP
máls	NC
ok	CC
mælti	VB
við	AP
Leif	NC
:	-
"	-
Hví	NC
stýrir	VB
þú	PE
svá	AV
undir	AP
veðr	NC
skipinu	NC
?	-
"	-

	VB
Leifr	NC
svarar	VB
:	-
"	-
Ek	VB
hygg	VB
at	AP
stjórn	NC
minni	DP
,	-
en	CC
þó	AV
enn	AV
at	AP
fleira	AJ
,	-
eðr	CC
hvat	PQ
sjáið	AJ
þér	PE
til	AP
tíðenda	NC
?	-
"	-

	VB
Þeir	AJ
kváðust	NC
ekki	PI
sjá	VB
,	-
þat	DD
er	VB
tíðindum	VB
sætti	VB
.	NC

	VB
"	-
Ek	AJ
veit	VB
eigi	AV
,	-
"	-
segir	VB
Leifr	NC
,	-
"	-
hvárt	CS
ek	PE
sé	VB
skip	NC
eðr	CC
sker	VB
.	NC
"	-

	VB
Nú	NC
sjá	VB
þeir	DD
ok	CU
kváðu	VB
sker	AJ
vera	VB
.	NA
Hann	NC
sá	DD
því	DD
framar	AV
en	CS
þeir	DD
,	-
at	CS
hann	PE
sá	VB
menn	NC
í	AP
skerinu	NC
.	NC

	VB
"	-
Nú	NC
vil	VB
ek	PE
,	-
at	CS
vér	PE
beitim	VB
undir	AP
veðrit	NC
,	-
"	-
segir	VB
Leifr	NC
,	-
"	-
svá	AV
at	CS
vér	PE
náim	VB
til	AP
þeira	DD
,	-
ef	CS
menn	NC
eru	VB
þurftugir	AJ
at	IM
ná	VB
várum	DP
fundi	NC
,	-
ok	CC
er	VB
nauðsyn	NC
á	VB
at	IM
duga	VB
þeim	DD
.	NC
En	VB
með	AP
því	DD
at	CS
þeir	DD
sé	VB
eigi	AV
friðmenn	VB
,	-
þá	AV
eigum	VB
vér	PE
allan	AJ
kost	NC
undir	AP
oss	PE
,	-
en	CC
þeir	DD
ekki	DQ
undir	AP
sér	PE
.	NC
"	-

	VB
Nú	NC
sækja	VB
þeir	DD
undir	AP
skerit	NC
ok	CC
lægðu	NC
segl	NC
sitt	DP
,	-
ok	CC
köstuðu	NC
akkeri	NC
ok	CC
skutu	NC
litlum	AJ
báti	NC
öðrum	NC
,	-
er	CS
þeir	DD
höfðu	VB
haft	VB
með	AP
sér	PE
.	NC

	VB
Þá	DD
spurði	VB
Tyrkir	NP
,	-
hverr	PQ
þar	AV
réði	VB
fyrir	AP
liði	NC
.	NC

	VB
Sá	AJ
kveðst	VB
Þórir	AP
heita	VB
,	-
ok	CC
vera	VB
norrænn	AJ
maðr	NC
at	AP
kyni	NC
.	AJ
"	-
Eða	NC
hvert	PQ
er	RP
þitt	DP
nafn	NC
?	-
"	-

	VB
Leifr	NC
segir	VB
til	AP
sín	PE
.	NC

	VB
"	-
Ertu	VB
sonr	NC
Eiríks	NC
rauða	AJ
ór	AP
Brattahlíð	PE
?	-
"	-
segir	VB
hann	PE
.	NC

	NC
Leifr	NC
kvað	VB
svá	AV
vera	VB
.	UA
"	-
Nú	NC
vil	VB
ek	PE
,	-
"	-
segir	VB
Leifr	NC
,	-
"	-
bjóða	VB
yðr	PE
öllum	AJ
á	AP
mitt	DP
skip	NC
,	-
ok	CC
fémunum	NC
þeim	DD
,	-
er	RP
skipit	NC
má	VB
við	AP
taka	VB
.	NC
"	-

	VB
Þeir	AJ
þágu	VB
þann	DD
kost	NC
ok	CC
sigldu	VB
síðan	AV
til	AP
Eiríksfjarðar	NC
með	AP
þeim	DD
farmi	NC
,	-
þar	AV
til	AP
er	CS
þeir	DD
kómu	VB
til	AP
Brattahlíðar	NC
,	-
báru	VB
farminn	NC
af	AP
skipi	NC
.	NC
Síðan	NC
bauð	VB
Leifr	NC
Þóri	AV
til	AP
vistar	NC
með	AP
sér	PE
ok	CC
Guðríði	NC
,	-
konu	NC
hans	PE
,	-
ok	CC
þremr	VB
mönnum	NC
öðrum	NC
,	-
en	CC
fekk	VB
vistir	NC
öðrum	NC
hásetum	NC
,	-
bæði	CC
Þóris	NC
ok	CC
sínum	DP
félögum	NC
.	NC
Leifr	NC
tók	VB
fimmtán	VB
menn	NC
ór	AP
skerinu	NC
.	NC
Hann	NC
var	VB
síðan	AV
kallaðr	VB
Leifr	NC
inn	DD
heppni	AJ
.	NC
Leifi	NC
varð	VB
nú	AV
bæði	CC
gott	AJ
til	AP
fjár	NC
ok	CC
mannvirðingar	AJ
.	NC

	VB
Þann	VB
vetr	NC
kom	VB
sótt	NC
mikil	AJ
í	AP
lið	NC
Þóris	AJ
,	-
ok	CC
andist	VB
hann	PE
Þórir	VP
ok	CC
mikill	AJ
hluti	NC
liðs	NC
hans	PE
.	NC
Þann	NC
vetr	NC
andaðist	NC
ok	CC
Eiríkr	VB
rauði	AJ
.	NC

	VB
Nú	NC
var	VB
umræða	NC
mikil	AJ
um	AP
Vínlandsför	NC
Leifs	AP
,	-
ok	CC
þótti	VB
Þorvaldi	NC
bróður	NC
,	-
hans	PE
hans	PE
,	-
of	CU
óvíða	AJ
kannat	NC
hafa	VB
verit	VB
landit	NC
.	NC
Þá	DD
mælti	VB
Leifr	NC
við	AP
Þorvald	NC
:	-
"	-
Þú	AV
skalt	VB
fara	VB
með	AP
skip	NC
mitt	DP
,	-
bróðir	NC
,	-
ef	CS
þú	PE
vill	VB
,	-
til	AP
Vínlands	NC
,	-
ok	CC
vil	VB
ek	PE
þó	AV
,	-
at	CS
skipit	NC
fari	VB
áðr	AV
eftir	AP
viði	NC
þeim	DD
,	-
er	RP
Þórir	NC
átti	VB
á	AP
skerinu	NC
.	NC
"	-
Ok	CS
svá	AV
var	VB
gert	VB
.	NC



	AV
5	NA
.	NC
Þorvaldr	AJ
Eiríksson	NC
fór	VB
til	AP
Vínlands	NC
.	PI


	NC
Nú	NC
bjóst	VB
Þorvaldr	AJ
til	AP
þeirar	DD
ferðar	NC
með	AP
þrjá	DQ
tigu	NC
manna	NC
með	AP
umráði	NC
Leifs	VP
,	-
bróður	NC
síns	DP
.	DQ
Síðan	NC
bjuggu	NC
þeir	DD
skip	NC
sitt	DP
ok	CC
heldu	VB
í	AP
haf	NC
,	-
ok	CC
er	VB
engi	PI
frásögn	VB
um	AP
ferð	NC
þeira	DD
,	-
fyrr	AV
en	CS
þeir	DD
koma	VB
til	AP
Vínlands	NC
,	-
til	AP
Leifsbúða	NC
,	-
ok	CC
bjuggu	NC
þar	AV
um	AP
skip	NC
sitt	DP
ok	CC
sátu	VB
um	AP
kyrrt	AJ
þann	DD
vetr	NC
ok	CC
veiddu	NC
fiska	NC
til	AP
matar	NC
sér	PE
.	NC

	NC
En	VB
um	AP
várit	NC
mælti	VB
Þorvaldr	AJ
,	-
at	CU
þeir	DD
skyldu	VB
búa	VB
skip	NC
sitt	DP
ok	CC
skyldi	VB
eftirbátr	NC
skipsins	NC
ok	CC
nökkurir	VB
menn	NC
með	AP
fara	VB
fyrir	AP
vestan	AV
landit	NC
ok	CC
kanna	VB
þar	AV
um	AP
sumarit	NC
.	VB
Þeim	AV
sýndist	NC
landit	NC
fagrt	AJ
ok	CC
skógótt	NC
ok	CC
skammt	AJ
milli	AP
skógar	NC
ok	CC
sjávar	NC
ok	CC
hvítir	NC
sandar	NC
.	NC
Þar	NC
var	VB
eyjótt	NP
mjök	AV
ok	CC
grunnsævi	NC
mikit	AJ
.	NC

	VB
Þeir	AJ
fundu	VB
hvergi	AV
manna	NC
vistir	NC
né	CC
dýra	NC
.	NC
En	VB
í	AP
eyju	NC
einni	NA
vestarliga	NC
fundu	VB
þeir	DD
kornhjálm	NC
af	AP
tré	NC
.	AJ
Eigi	NC
fundu	VB
þeir	DD
fleiri	AJ
mannaverk	NC
ok	CC
fóru	VB
aftr	AV
ok	CC
kómu	VB
til	AP
Leifsbúða	NC
at	AP
hausti	NC
.	NC

	VB
En	VB
at	AP
sumri	NC
öðru	NP
fór	VB
Þorvaldr	AJ
fyrir	VP
austan	AV
með	AP
kaupskipit	NC
ok	CC
it	DD
nyrðra	NC
fyrir	AP
landit	NC
.	NC
Þá	DD
gerði	VB
at	CS
þeim	DD
veðr	NC
hvasst	NC
fyrir	AP
andnesi	AJ
einu	NA
,	-
ok	CC
rak	VB
þá	AV
þar	AV
upp	AV
,	-
ok	CC
brutu	VB
kjölinn	NC
undan	AP
skipinu	NC
ok	CC
höfðu	-
þar	AV
langa	AJ
dvöl	NC
ok	CC
bættu	NC
skip	NC
sitt	DP
.	NC
Þá	DD
mælti	VB
Þorvaldr	VB
við	AP
förunauta	NC
sína	DP
:	-
"	-
Nú	NC
vil	VB
ek	PE
,	-
at	CS
vér	PE
reisim	VB
hér	AV
upp	AV
kjölinn	NC
á	AP
nesinu	NC
ok	CC
kallim	NC
Kjalarnes	NC
.	NC
"	-
Ok	VB
svá	AV
gerðu	VB
þeir	DD
.	NC

	VB
Síðan	AJ
sigla	VB
þeir	DD
þaðan	AV
í	AP
braut	NC
ok	CC
austr	AV
fyrir	AP
landit	NC
ok	CC
inn	AV
í	AP
fjarðarkjafta	NC
þá	DD
,	-
er	RP
þar	AV
váru	VB
næstir	AJ
,	-
ok	CC
at	AP
höfða	NC
þeim	DD
,	-
er	RP
þar	AV
gekk	VB
fram	AV
.	NA
Hann	NC
var	VB
allr	AJ
skógi	NC
vaxinn	VB
.	NC
Þá	NC
leggja	VB
þeir	DD
fram	AV
skip	NC
sitt	DP
í	AP
lægi	NC
ok	CC
skjóta	VB
bryggjum	NC
á	AP
land	NC
,	-
ok	CC
gengr	VB
Þorvaldr	AV
þar	AV
á	AP
land	NC
upp	AV
með	AP
alla	AJ
förunauta	NC
sína	DP
.	NC

	VB
Hann	UA
mælti	VB
þá	DD
:	-
"	-
Hér	UA
er	VB
fagrt	AJ
,	-
ok	CU
hér	AV
vilda	VB
ek	PE
bæ	AP
minn	DP
reisa	VB
,	-
"	-
-	-
ganga	VB
síðan	AV
til	AP
skips	NC
ok	CC
sjá	VB
á	AP
sandinum	NC
inn	AV
frá	AP
höfðanum	NC
þrjár	NA
hæðir	NC
,	-
ok	CC
fóru	VB
til	AP
þangat	AV
ok	CC
sjá	VB
þar	AV
húðkeipa	NC
þrjá	DQ
ok	CC
þrjá	DQ
menn	NC
undir	AP
hverjum	DQ
.	NC
Þá	DD
skiptu	NC
þeir	DD
liði	NC
sínu	DP
ok	CU
höfðu	NA
hendr	NC
á	AP
þeim	DD
öllum	AJ
,	-
nema	CS
einn	NA
komst	AJ
á	AP
burt	NC
með	AP
keip	NC
sinn	DP
.	NC
Þeir	NC
drepa	VB
hina	DD
átta	NA
ok	CU
ganga	VB
síðan	AV
aftr	AV
á	AP
höfðann	NC
ok	CC
sjást	VB
þar	AV
um	AP
ok	AV
sjá	VB
inn	AV
í	AP
fjörðinn	NP
hæðir	AJ
nökkurar	NP
,	-
ok	CC
ætluðu	VB
þeir	DD
þat	DD
vera	VB
byggðir	NC
.	NC

	VB
Eftir	AV
þat	DD
sló	NC
á	AP
þá	DD
höfga	NC
svá	AV
miklum	AJ
,	-
at	CU
þeir	DD
máttu	VB
eigi	AV
vöku	NC
halda	VB
,	-
ok	CC
sofna	VB
þeir	DD
allir	DQ
.	NC
Þá	DD
kom	VB
kall	NC
yfir	AP
þá	DD
,	-
svá	AV
at	CS
þeir	DD
vöknuðu	VB
allir	DQ
.	NC
Svá	NC
segir	VB
kallit	NC
:	-
"	-
Vaki	VB
þú	PE
,	-
Þorvaldr	AJ
,	-
ok	CC
allt	AJ
föruneyti	NC
þitt	DP
,	-
ef	CS
þú	PE
vill	VB
líf	NC
þitt	DP
hafa	VB
,	-
ok	CU
far	VB
þú	PE
á	AP
skip	NC
þitt	DP
ok	CC
allir	AJ
menn	NC
þínir	DP
,	-
ok	CC
farit	VB
frá	AP
landi	NC
sem	CS
skjótast	AJ
.	NC
"	-

	VB
Þá	NP
fór	VB
innan	AV
eftir	AP
firðinum	NC
ótal	NC
húðkeipa	NC
,	-
ok	CC
lögðu	VB
at	AP
þeim	DD
.	NC

	VB
Þorvaldr	VB
mælti	VB
þá	AV
:	-
"	-
Vér	VB
skulum	VB
færa	VB
út	AV
á	AP
borð	NC
vígfleka	NC
ok	CC
verjast	AJ
sem	CU
bezt	AV
,	-
en	CU
vega	VB
lítt	AV
í	AP
mót	NC
.	NC
"	-

	VB
Svá	NC
gera	VB
þeir	DD
,	-
en	CC
Skrælingar	VB
skutu	NC
á	AP
þá	DD
um	AP
stund	NC
,	-
en	CC
flýja	VB
síðan	AV
burt	VB
sem	CS
ákafast	AJ
,	-
hverr	DQ
sem	CS
mátti	VB
.	NC

	VB
Þá	AJ
spurði	VB
Þorvaldr	AJ
menn	NC
sína	DP
,	-
ef	CS
þeir	DD
væri	VB
nökkut	NC
sárir	AJ
.	NC
Þeir	AJ
kváðust	NC
eigi	AV
sárir	AJ
vera	VB
.	NC
"	-
Ek	AJ
hefi	VB
fengit	VB
sár	NC
undir	AP
hendi	NC
,	-
"	-
segir	VB
hann	PE
,	-
"	-
ok	CC
fló	VB
ör	CC
milli	AP
skipborðsins	NC
ok	CC
skjaldarins	NC
undir	AP
hönd	DQ
mér	PE
,	-
ok	CC
er	VB
hér	AV
örin	VB
,	-
en	CC
mun	VB
mik	PE
þetta	DD
til	AP
bana	NC
leiða	VB
.	NC
Nú	NC
ræð	VB
ek	PE
,	-
at	CS
þér	PE
búið	VB
ferð	NC
yðra	DP
sem	CS
fljótast	NP
aftr	AV
á	AP
leið	NC
,	-
en	CC
þér	PE
skuluð	VB
færa	VB
mik	PE
á	AP
höfða	NC
þann	DD
,	-
er	RP
mér	PE
þótti	VB
byggiligast	AJ
vera	VB
.	NC
Má	NC
þat	DD
vera	VB
,	-
at	CS
mér	PE
hafi	VB
satt	AJ
á	AP
munn	NC
komit	VB
,	-
at	CS
ek	PE
muni	VB
þar	AV
búa	VB
á	VP
um	AP
stund	NC
.	DQ
Þar	NC
skuluð	VB
þér	PE
mik	PE
grafa	VB
ok	CC
setja	VB
krossa	NC
at	IM
höfði	VB
mér	PE
ok	AV
at	AP
fótum	NC
,	-
ok	CC
kallið	VB
þat	DD
Krossanes	PE
jafnan	AV
síðan	AV
.	NC
"	-

	VB
Grænland	AV
var	VB
þá	AV
kristnat	AJ
,	-
en	CC
þó	AV
andaðist	AV
Eiríkr	VB
rauði	AJ
fyrir	AP
kristni	NC
.	NC

	VB
Nú	NC
andaðist	NC
Þorvaldr	AJ
,	-
en	CC
þeir	PE
gerðu	VB
allt	DQ
eftir	AP
því	DD
,	-
sem	RP
hann	PE
hafði	VB
mælt	VB
,	-
ok	CC
fóru	VB
síðan	AV
ok	CC
hittu	VB
þar	AV
förunauta	NC
sína	DP
,	-
ok	CC
sögðu	DQ
hvárir	DQ
öðrum	NC
slík	AJ
tíðendi	NC
sem	CS
vissu	VB
ok	CC
bjuggu	NC
þar	AV
þann	DD
vetr	NC
ok	CC
fengu	VB
sér	PE
vínber	NC
ok	CC
vínvið	NC
til	AP
skipsins	NC
.	NC

	VB
Nú	NC
búast	VB
þeir	DD
þaðan	AV
um	AP
várit	NC
eftir	VP
til	AP
Grænlands	NC
ok	CC
kómu	VB
skipi	NC
sínu	DP
í	AP
Eiríksfjörð	NC
ok	CC
kunnu	VB
Leifi	AJ
at	IM
segja	VB
mikil	AJ
tíðendi	NC
.	NC



	VB
6	NA
.	NC
Þorsteinn	PE
Eiríksson	NC
andast	NC
í	AP
Vestribyggð	NC
.	NC


	NC
Þat	CC
hafði	VB
gerzt	VB
til	AP
tíðenda	NC
meðan	CS
á	AP
Grænlandi	NC
,	-
at	CS
Þorsteinn	PE
í	AP
Eiríksfirði	VB
hafði	VB
kvángazt	NC
ok	CC
fengit	VB
Guðríðar	NC
Þorbjarnardóttur	UA
,	-
er	RP
átt	VB
hafði	VB
þórir	NP
Austmaðr	VP
,	-
er	CS
fyrr	AV
var	VB
frá	AP
sagt	VB
.	NC

	VB
Nú	NC
fýstist	NC
Þorsteinn	PE
Eiríksson	AP
at	IM
fara	VB
til	AP
Vínlands	NC
eftir	AP
líki	NC
Þorvalds	NC
,	-
bróður	NC
síns	DP
,	-
ok	CC
bjó	VB
skip	NC
it	AT
sama	AJ
,	-
ok	CC
valði	VB
hann	PE
lið	NC
at	AP
afli	NC
ok	CC
vexti	NC
ok	CC
hafði	VB
með	AP
sér	PE
hálfan	AJ
þriðja	NO
tög	NC
manna	NC
ok	CC
Guðríði	NC
,	-
konu	NC
sína	DP
,	-
ok	CC
sigla	VB
í	AP
haf	NC
,	-
þegar	CS
þau	DD
eru	VB
búin	VB
,	-
ok	CC
ór	AP
landsýn	NC
.	NC
Þau	AJ
velkði	VB
úti	AV
allt	AJ
sumarit	NC
,	-
ok	CC
vissu	VB
eigi	AV
,	-
hvar	AV
þau	DD
fóru	VB
.	NC

	VB
Ok	AV
er	CS
vika	VB
var	VB
af	AP
vetri	NC
,	-
þá	AV
tóku	VB
þeir	DD
land	NC
í	AP
Lýsufirði	NP
á	AP
Grænlandi	NC
í	AP
inni	AV
vestri	VB
byggð	NC
.	UA
Þorsteinn	NC
leitaði	VB
þeim	DD
um	AP
vistir	NC
ok	CC
fekk	VB
vistir	NC
öllum	AJ
hásetum	NC
sínum	DP
.	NC
En	CS
hann	PE
var	VB
vistlauss	AV
ok	CC
kona	NC
hans	PE
.	NC
Nú	NC
váru	VB
þau	DD
eftir	VP
at	AP
skipi	NC
tvau	NA
nökkurar	NC
nætr	NC
.	NC
Þá	AJ
var	VB
enn	AV
ung	NC
kristni	NP
á	AP
Grænlandi	NC
.	NC

	VB
Þat	AV
var	VB
einn	NA
dag	NC
,	-
at	CS
menn	NC
kómu	VB
at	AP
tjaldi	NC
þeira	DD
snemma	AV
.	DQ
Sá	NC
spurði	VB
,	-
er	CS
fyrir	AP
þeim	DD
var	VB
,	-
hvat	PQ
manna	NC
væri	VB
í	AP
tjaldinu	NC
.	NC

	VB
Þorsteinn	IM
svarar	VB
:	-
"	-
Tveir	AJ
menn	NC
,	-
"	-
segir	VB
hann	PE
,	-
"	-
eða	CU
hverr	PQ
spyrr	VB
at	AP
?	-
"	-

	VB
"	-
Þorsteinn	AV
heiti	VB
ek	PE
,	-
ok	CC
em	VB
ek	PE
kallaðr	VB
Þorsteinn	PE
svartr	AJ
.	NC
En	VB
þat	DD
er	VB
erendi	NC
mitt	DP
hingat	AV
,	-
at	CS
ek	PE
vil	VB
bjóða	VB
ykkr	PE
báðum	DQ
hjónunum	NC
til	AP
vistar	NC
til	AP
mín	PE
.	NC
"	-

	VB
Þorsteinn	AV
kveðst	VB
vilja	VB
hafa	VB
umræði	NP
konu	NC
sinnar	DP
,	-
en	CC
hon	PE
bað	VB
hann	PE
ráða	VB
,	-
ok	CC
nú	AV
játar	VB
hann	PE
þessu	DD
.	NC

	VB
"	-
Þá	AJ
mun	VB
ek	PE
koma	VB
eftir	AP
ykkur	NC
á	AP
morgin	NC
með	AP
eyki	NC
,	-
því	DD
at	IM
skortir	VB
ekki	DQ
til	AP
at	IM
veita	VB
ykkr	PE
vist	NC
,	-
en	CC
fásinni	NC
er	VB
mikit	AJ
með	AP
mér	PE
at	IM
vera	VB
,	-
því	DD
at	AP
tvau	NA
erum	VB
vit	PE
þar	AV
hjón	NC
,	-
því	DD
at	CS
ek	PE
em	VB
einþykkr	AJ
mjök	AV
.	NC
Annan	PD
sið	NC
hefi	VB
ek	PE
ok	AV
en	CU
þér	PE
hafið	VB
,	-
ok	CC
ætla	VB
ek	PE
þann	DD
þó	AV
betra	AJ
,	-
er	RP
þér	PE
hafið	VB
.	NC
"	-

	VB
Nú	NC
kom	VB
hann	PE
eftir	AP
þeim	DD
um	AP
morgininn	NC
með	AP
eyki	NC
,	-
ok	CC
fóru	VB
þau	DD
með	AP
Þorsteini	AV
svarta	NC
til	AP
vistar	NC
,	-
ok	CC
veitti	VB
hann	PE
þeim	DD
vel	AV
.	NC

	VB
Guðríðr	NC
var	VB
skörulig	VB
kona	NC
at	IM
sjá	VB
ok	CC
vitr	AJ
kona	NC
ok	CC
kunni	VB
vel	AV
at	IM
vera	VB
með	AP
ókunnum	AJ
mönnum	NC
.	NC

	VB
Þat	CC
var	VB
snemma	AV
vetrar	NC
,	-
at	CS
sótt	NC
kom	VB
í	AP
lið	NC
Þorsteins	NC
Eiríkssonar	NC
,	-
ok	CC
önduðust	NC
þar	AV
margir	AJ
förunautar	NC
hans	PE
.	NC

	VB
Þorsteinn	CS
bað	VB
gera	VB
kistur	NC
at	AP
líkum	NC
þeira	DD
,	-
er	CS
önduðust	NC
,	-
ok	CC
færa	VB
til	AP
skips	NC
ok	CC
búa	VB
þar	AV
um	AP
,	-
-	-
"	-
því	DD
at	CS
ek	PE
vil	VB
láta	VB
flytja	VB
til	AP
Eiríksfjarðar	NC
at	AP
sumri	NC
öll	AJ
líkin	NC
.	NC
"	-

	VB
Nú	NC
er	VB
þess	DD
skammt	AJ
at	IM
bíða	VB
,	-
at	CU
sótt	NC
kemr	VB
í	AP
hýbýli	NC
Þorsteins	AJ
,	-
ok	CC
tók	VB
kona	NC
hans	PE
sótt	NC
fyrst	AV
,	-
er	CS
hét	VB
Grímhildr	NC
.	NC
Hon	NC
var	VB
ákafliga	AV
mikil	AJ
ok	CC
sterk	AJ
sem	CS
karlar	NC
,	-
en	CC
þó	AV
kom	VB
sóttin	NC
henni	PE
undir	AP
.	NC
Ok	NC
brátt	AJ
eftir	AP
þat	DD
tók	VB
sóttina	NC
Þorsteinn	NC
Eiríksson	NC
,	-
ok	CC
lágu	VB
þau	DD
bæði	AV
senn	AV
,	-
ok	CC
andaðist	AV
Grímhildr	NC
,	-
kona	NC
Þorsteins	NC
svarta	NC
.	NC

	NC
En	VB
er	CS
hon	PE
var	VB
dauð	AJ
,	-
þá	AV
gekk	VB
Þorsteinn	PE
fram	AV
ór	AP
stofunni	NC
eftir	AP
fjöl	VB
at	IM
leggja	VB
á	AP
líkit	NC
.	NC

	VB
Guðríðr	NC
mælti	VB
þá	AV
:	-
"	-
Vertu	AJ
litla	AJ
hríð	NC
á	AP
brott	AV
,	-
Þorsteinn	CS
minn	DP
,	-
"	-
segir	VB
hon	PD
.	NC
Hann	UA
kvað	VB
svá	AV
vera	VB
skyldu	VB
.	NC

	VB
Þá	DD
mælti	VB
Þorsteinn	PE
Eiríksson	NC
:	-
"	-
Með	VB
undarligum	NC
hætti	NC
er	VB
nú	AV
um	AP
húsfreyju	NC
vára	DP
,	-
því	DD
at	CS
nú	AV
örglast	VB
hon	PE
upp	AV
við	AP
ölnboga	NP
ok	CC
þokar	NC
fótum	NC
sínum	DP
frá	AP
stokki	NC
ok	CC
þreifar	VB
til	AP
skúa	NC
sinna	DP
.	NC
"	-

	VB
Ok	AV
í	AP
því	DD
kom	VB
Þorsteinn	PE
bóndi	NC
inn	AV
,	-
ok	CC
lagðist	VB
Grímhildr	AV
niðr	AV
í	AP
því	DD
,	-
ok	CC
brakaði	VB
þá	AV
í	AP
hverju	PQ
tré	NC
í	AP
stofunni	NC
.	NC

	VB
Nú	NC
gerir	VB
Þorsteinn	PE
kistu	NC
at	AP
líki	VB
Grímhildr	NC
ok	CC
færði	NC
í	AP
brott	AV
ok	CC
bjó	VB
um	AP
.	NC
Hann	NC
var	VB
bæði	AV
mikill	AJ
maðr	NC
ok	CC
sterkr	AJ
,	-
ok	CC
þurfti	VB
hann	PE
þess	DD
alls	AJ
,	-
áðr	CS
hann	PE
kom	VB
henni	PE
burt	NC
af	AP
bænum	NC
.	NC

	VB
Nú	NC
elnaði	VB
sóttin	NC
Þorsteini	AV
Eiríkssyni	PE
,	-
ok	CC
andaðist	VB
hann	PE
.	NC
Guðríðr	NC
,	-
kona	NC
hans	PE
,	-
kunni	VB
því	DD
lítt	AV
.	NC
Þá	NC
váru	VB
þau	DD
öll	AJ
í	AP
stofunni	NC
.	NC
Guðríðr	NC
hafði	VB
setit	VB
á	AP
stóli	NC
frammi	AV
fyrir	AP
bekknum	NC
,	-
er	RP
hann	PE
hafði	VB
legit	VB
,	-
Þorsteinn	DD
,	-
bóndi	NC
hennar	PE
.	NC

	VB
Þá	DD
tók	VB
Þorsteinn	PE
bóndi	NC
Guðríði	AV
af	AP
stólinum	NC
í	AP
fang	NC
sér	PE
ok	CC
settist	NC
í	AP
annan	NO
bekkinn	NC
með	AP
hana	PE
gegnt	AP
líki	NC
Þorsteins	NC
ok	CC
talði	VB
um	AP
fyrir	AP
henni	PE
marga	AJ
vega	NC
ok	CC
huggaði	VB
hana	PE
ok	CC
hét	VB
henni	PE
því	DD
,	-
at	CS
hann	PE
mundi	VB
fara	VB
með	AP
henni	PE
til	AP
Eiríksfjarðar	NC
með	AP
líki	NC
Þorsteins	NC
,	-
bónda	NC
hennar	PE
,	-
ok	CC
förunauta	VB
hans	PE
.	NC
"	-
Ok	CS
svá	AV
skal	VB
ek	PE
taka	VB
hingat	AV
hjón	NC
fleiri	AJ
,	-
"	-
segir	VB
hann	PE
,	-
"	-
þér	PE
til	AP
hugganar	NC
ok	CC
skemmtanar	NC
.	NC
"	-

	VB
Hon	NC
þakkaði	VB
honum	PE
.	NC

	VB
Þorsteinn	PE
Eiríksson	NC
settist	NC
þá	AV
upp	AV
ok	CC
mælti	VB
:	-
"	-
Hvar	AJ
er	VB
Guðríðr	VB
?	-
"	-

	VB
Þrjá	AJ
tíma	NC
mælti	VB
hann	PE
þetta	DD
,	-
en	CU
hon	PE
þagði	VB
.	NC

	NC
Þá	NP
mælti	VB
hon	PE
við	AP
Þorstein	NC
bónda	NC
:	-
"	-
Hvárt	VB
skal	VB
ek	PE
svör	VB
veita	VB
hans	PE
máli	NC
eða	CU
eigi	AV
?	-
"	-

	VB
Hann	UA
bað	VB
hana	PE
eigi	AV
svara	VB
.	NC
Þá	NC
gekk	VB
Þorsteinn	DD
bóndi	NC
yfir	AP
gólfit	NC
ok	CC
settist	NC
á	AP
stólinn	NC
,	-
en	CC
Guðríðr	NC
sat	VB
í	AP
knjám	NC
honum	PE
.	NC

	VB
Ok	AV
þá	AV
mælti	VB
Þorsteinn	PE
bóndi	NC
:	-
"	-
Hvat	VB
viltu	NP
,	-
nafni	NC
?	-
"	-
segir	VB
hann	PE
.	NC

	VB
Hann	AJ
svarar	VB
,	-
er	CS
stund	NC
leið	VB
:	-
"	-
Mér	NC
er	VB
annt	AJ
til	AP
þess	DD
,	-
at	IM
segja	VB
Guðríði	NC
forlög	NC
sín	DP
,	-
til	AP
þess	DD
at	CU
hon	PE
kunni	VB
þá	AV
betr	AV
andláti	NC
mínu	DP
,	-
því	DD
at	CS
ek	PE
em	VB
kominn	VB
til	AP
góðra	AJ
hvíldastaða	NC
.	NC
En	VB
þat	DD
er	VB
þér	PE
at	IM
segja	VB
,	-
Guðríðr	NC
,	-
at	CS
þú	PE
munt	VB
gift	AJ
vera	VB
íslenzkum	NC
manni	NC
,	-
ok	CC
munu	VB
langar	AJ
vera	VB
samfarir	AJ
ykkrar	NC
,	-
ok	CC
margt	AJ
manna	NC
mun	VB
frá	AP
ykkr	PE
koma	VB
,	-
þroskasamt	NC
,	-
bjart	NC
ok	CC
ágætt	NC
,	-
sætt	NC
ok	CU
ilmat	NC
vel	AV
.	VB
Munuð	NC
þit	PE
fara	VB
af	AP
Grænlandi	NC
til	AP
Nóregs	NC
ok	CC
þaðan	AV
til	AP
Íslands	NC
ok	CC
gera	VB
bú	NC
á	AP
Íslandi	NC
.	AJ
Þar	NC
munuð	VB
þit	PE
lengi	AV
búa	VB
,	-
ok	CC
muntu	VB
honum	PE
lengr	AV
lifa	VB
.	DQ
Þú	NC
munt	VB
útan	AV
fara	VB
ok	CC
ganga	VB
suðr	AV
ok	CC
koma	VB
út	AV
aftr	AV
til	AP
Íslands	NC
til	AP
bús	NC
þíns	DP
,	-
ok	CC
þá	AV
mun	VB
þar	AV
kirkja	NC
reist	VB
vera	VB
,	-
ok	CC
muntu	NC
þar	AV
vera	VB
ok	CU
taka	VB
nunnuvígslu	NC
,	-
ok	CU
þar	AV
muntu	NC
andast	NC
.	NC
"	-

	VB
Ok	AV
þá	AV
hnígr	VB
Þorsteinn	PE
aftr	AV
,	-
ok	CC
var	VB
búit	VB
um	AP
lík	NC
hans	PE
ok	CC
fært	VB
til	AP
skips	NC
.	NC

	VB
Þorsteinn	DD
bóndi	NC
efndi	VB
vel	AV
við	VP
Guðríði	NC
allt	AJ
þat	DD
,	-
er	RP
hann	PE
hafði	VB
heitit	VB
.	NC
Hann	NC
seldi	VB
um	AP
várit	NC
jörð	NC
sína	DP
ok	CC
kvikfé	NC
ok	CC
fór	VB
til	AP
skips	NC
með	AP
Guðríði	NC
með	AP
allt	DQ
sitt	DP
,	-
bjó	VB
skipit	NC
ok	CC
fekk	VB
menn	NC
til	VP
ok	CC
fór	VB
síðan	AV
til	AP
Eiríksfjarðar	NC
.	NC
Váru	NC
nú	AV
líkin	NC
jörðuð	NC
at	AP
kirkju	NC
.	NC

	VB
Guðríðr	NC
fór	VB
til	AP
Leifs	PE
í	AP
Brattahlíð	NP
,	-
en	CC
Þorsteinn	AV
svarti	AJ
gerði	VB
bú	NC
í	AP
Eiríksfirði	PE
ok	CC
bjó	VB
þar	AV
,	-
meðan	CU
hann	PE
lifði	VB
,	-
ok	CC
þótti	VB
vera	VB
inn	AT
vaskasti	AJ
maðr	NC
.	AJ



	VB
7	NA
.	NC
Vínlandsferð	NC
Þorfinns	AV
karlefnis	NC
.	DQ


	NC
Þat	AV
sama	AJ
sumar	NC
kom	VB
skip	NC
af	AP
Nóregi	NC
til	AP
Grænlands	NC
.	NC
Sá	AJ
maðr	NC
hét	VB
Þorfinnr	NP
karlsefni	UA
,	-
er	CS
því	DD
skipi	NC
stýrði	VB
.	NA
Hann	NC
var	VB
sonr	NC
Þórðar	NC
hesthöfða	AJ
Snorrasonar	AJ
,	-
Þórðarsonar	VB
frá	AP
Höfða	AV
.	NC

	VB
Þorfinnr	AJ
karlsefni	NC
var	VB
stórauðigr	AJ
at	AP
fé	NC
,	-
ok	CC
var	VB
um	AP
vetrinn	NC
í	AP
Brattahlíð	NC
með	AP
Leifi	NC
Eiríkssyni	CC
.	NC
Brátt	AV
felldi	VB
hann	PE
hug	NC
til	AP
Guðríðar	NC
ok	CC
bað	VB
hennar	PE
,	-
en	CC
hon	PE
veik	VB
til	AP
Leifs	AJ
svörum	NC
fyrir	AP
sik	PE
.	DQ
Síðan	NC
var	VB
hon	PE
honum	PE
föstnuð	NC
ok	CC
gert	VB
brúðlaup	NC
þeira	DD
á	AP
þeim	DD
vetri	NC
.	NC

	VB
In	NC
sama	AJ
var	VB
umræða	NC
á	AP
Vínlandsför	VB
sem	CS
fyrr	AV
,	-
ok	CC
fýstu	VB
menn	NC
Karlsefni	AV
mjök	AV
þeirar	DD
ferðar	NC
,	-
bæði	CC
Guðríðr	NC
ok	CC
aðrir	NO
menn	NC
.	VB
Nú	NC
var	VB
ráðin	NC
ferð	NC
hans	PE
,	-
ok	CC
réð	VB
hann	PE
sér	PE
skipverja	NC
sex	NA
tigu	AJ
karla	NC
ok	CU
konur	NC
fimm	DQ
.	NC

	VB
Þann	NC
máldaga	NC
gerðu	VB
þeir	DD
Karlsefni	NC
ok	CC
hásetar	NC
hans	PE
,	-
at	CS
jöfnum	NC
höndum	VB
skyldi	VB
þeir	DD
hafa	VB
allt	AJ
þat	DD
,	-
er	RP
þeir	DD
fengi	VB
til	AP
gæða	NC
.	NC
Þeir	NC
höfðu	-
með	AP
sér	PE
allskonar	NC
fénað	VB
,	-
því	PE
at	CS
þeir	DD
ætluðu	VB
at	IM
byggja	VB
landit	NC
,	-
ef	CS
þeir	DD
mætti	VB
þat	DD
.	NC

	VB
Karlsefni	AP
bað	VB
Leif	NC
húsa	NC
á	AP
Vínlandi	NC
,	-
en	CC
hann	PE
kveðst	VB
ljá	NC
mundu	VB
húsin	NC
,	-
en	CU
gefa	VB
eigi	AV
.	NC

	DP
Síðan	NP
heldu	VB
þeir	DD
í	AP
haf	NC
skipinu	NC
ok	CC
kómu	VB
til	AP
Leifsbúða	NC
með	AP
heilu	AJ
ok	CC
höldnu	NC
ok	CC
báru	VB
þar	AV
upp	AV
húðföt	NC
sín	DP
.	NC
Þeim	AV
bar	VB
brátt	AJ
í	AP
hendr	NC
mikil	AJ
föng	NC
ok	CU
góð	AJ
,	-
því	DD
at	CS
reyðr	AJ
var	VB
þar	AV
upp	AV
rekin	VB
,	-
bæði	CC
mikil	AJ
ok	CU
góð	AJ
,	-
fóru	VB
til	AP
síðan	AV
ok	CC
skáru	VB
hvalinn	NC
,	-
skorti	VB
þá	AV
eigi	AV
mat	NC
.	NC
Fénaðr	NC
gekk	VB
þar	AV
á	AP
land	NC
upp	AV
,	-
en	CC
þat	DD
var	VB
brátt	AJ
,	-
at	CU
graðfé	NC
varð	VB
úrigt	NC
ok	CC
gerði	VB
mikit	AJ
um	AP
sik	PE
.	DQ
Þeir	NC
höfðu	-
haft	VB
með	AP
sér	PE
griðung	NC
einn	NA
.	NC

	VB
Karlsefni	AP
lét	VB
fella	VB
viðu	NC
ok	CC
telgja	VB
til	AP
skips	NC
síns	DP
ok	CC
lagði	VB
viðinn	NC
á	AP
bjarg	NC
eitt	NA
til	AP
þurrkunar	NC
.	NC
Þeir	NC
höfðu	-
öll	AJ
gæði	NC
af	AP
landkostum	NP
,	-
þeim	DD
er	RP
þar	AV
váru	VB
,	-
bæði	CC
af	AP
vínberjum	NC
ok	CC
alls	DQ
konar	NC
veiðum	NC
ok	CC
gæðum	NC
.	NC

	VB
Eftir	AV
þann	DD
vetr	NC
inn	AT
fyrsta	AJ
kom	VB
sumar	NC
.	NC
Þá	NC
urðu	VB
þeir	DD
varir	AJ
við	AP
Skrælinga	DD
,	-
ok	CC
fór	VB
þar	AV
ór	AP
skógi	NC
fram	AV
mikill	AJ
flokkr	NC
manna	NC
.	NC
Þar	NC
var	VB
nær	AV
nautfé	AV
þeira	DD
,	-
en	CC
graðungr	NC
tók	VB
at	AP
belja	NC
ok	CU
gjalla	VB
ákafliga	AV
hátt	NC
.	NC
En	VB
þat	DD
hræddust	NC
Skrælingar	AV
ok	CC
lögðu	VB
undan	AP
með	AP
byrðar	NC
sínar	DP
,	-
en	CC
þat	DD
var	VB
grávara	NC
ok	CC
safali	NP
ok	CU
alls	AJ
konar	NC
skinnavara	NC
,	-
ok	CU
snúa	VB
til	AP
bæjar	NC
Karlsefnis	NC
ok	CC
vildu	VB
þar	AV
inn	AV
í	AP
húsin	NC
,	-
en	CC
Karlsefni	AJ
lét	VB
verja	VB
dyrrnar	NC
.	DQ
Hvárigir	NC
skilðu	VB
annars	DQ
mál	NC
.	NC

	VB
Þá	NP
tóku	VB
Skrælingar	AV
ofan	AV
bagga	NC
sína	DP
ok	CC
leystu	NC
ok	CC
buðu	VB
þeim	DD
ok	CC
vildu	VB
vápn	NC
helzt	AV
fyrir	AP
,	-
en	CC
Karlsefni	VB
bannaði	VB
þeim	DD
at	IM
selja	VB
vápnin	NC
.	NC

	VB
Ok	DD
nú	AV
leitar	VB
hann	PE
ráðs	NC
með	AP
þeim	DD
hætti	NC
,	-
at	CS
hann	PE
bað	VB
konur	NC
bera	VB
út	AV
búnyt	VB
at	AP
þeim	DD
,	-
ok	CC
þegar	AV
er	RP
þeir	DD
sá	VB
búnyt	VB
,	-
þá	AV
vildu	VB
þeir	DD
kaupa	VB
þat	DD
,	-
en	CC
ekki	PI
annat	NO
.	NC
Nú	NC
var	VB
sú	DD
kaupför	VB
Skrælinga	DD
,	-
at	CS
þeir	DD
báru	VB
sinn	DP
varning	NC
í	AP
brott	AV
í	AP
mögum	NC
sínum	DP
,	-
en	CC
Karlsefni	NC
ok	CC
förunautar	NC
hans	PE
höfðu	-
eftir	AP
bagga	NC
þeira	DD
ok	CC
skinnvöru	VB
.	NC
Fóru	NC
þeir	DD
við	AP
svá	AV
búit	VB
í	AP
burt	NC
.	NC

	VB
Nú	NC
er	VB
frá	AP
því	DD
at	IM
segja	VB
,	-
at	CU
Karlsefni	AP
lætr	NC
gera	VB
skíðgarð	NC
rammligan	NC
um	AP
bæ	NC
sinn	VB
,	-
ok	CC
bjuggust	VB
þar	AV
um	AP
.	NC
Í	NC
þann	DD
tíma	NC
fæddi	NC
Guðríðr	NC
sveinbarn	UA
,	-
kona	NC
Karlsefnis	AV
,	-
ok	CC
hét	VB
sá	DD
sveinn	NC
Snorri	NC
.	PI
Á	NC
öndverðum	VB
öðrum	NC
vetri	NC
þá	AV
kómu	VB
Skrælingar	AV
til	AP
móts	NC
við	AP
þá	AV
ok	CC
váru	VB
miklu	AJ
fleiri	AJ
en	CU
fyrr	AV
ok	CC
höfðu	VB
slíkan	AJ
varnað	NC
sem	CS
fyrr	AV
.	VB

	VB
Þá	NC
mælti	AJ
Karlsefni	NC
við	AP
konur	NC
:	-
"	-
Nú	NC
skuluð	VB
þér	PE
bera	VB
út	AV
slíkan	AJ
mat	NC
sem	CS
fyrr	AV
var	VB
rífastr	VB
,	-
en	CC
ekki	DQ
annat	NO
.	NC
"	-

	VB
Ok	AV
er	CS
þeir	DD
sá	VB
þat	DD
,	-
þá	AV
köstuðu	VB
þeir	DD
böggunum	NC
sínum	DP
inn	DD
yfir	AP
skíðgarðinn	AJ
.	NC
En	VB
Guðríðr	NC
sat	VB
í	AP
durum	NC
inni	AV
með	AP
vöggu	NC
Snorra	NC
,	-
sonar	NC
síns	DP
.	NC
Þá	DD
bar	NC
skugga	NC
í	AP
dyrrin	NC
,	-
ok	CC
gekk	VB
þar	AV
inn	DD
kona	NC
í	AP
svörtum	NP
námkyrtli	NC
,	-
heldr	AV
lág	VB
,	-
ok	CC
hafði	VB
dregil	VB
um	AP
höfuð	NC
ok	CC
ljósjörp	VB
á	AP
hár	NC
,	-
fölleit	NP
ok	CC
mjök	AV
eygð	AJ
,	-
svá	AV
at	CS
eigi	AV
hafði	VB
jafnmikil	AJ
augu	NC
sét	VB
í	AP
einum	NA
mannshausi	NC
.	DQ

	VB
Hon	NC
gekk	VB
þar	AV
at	VP
,	-
er	CS
Guðríðr	NC
sat	VB
,	-
ok	CC
mælti	VB
:	-
"	-
Hvat	NP
heitir	VB
þú	PE
?	-
"	-
segir	VB
hon	PD
.	NC

	DP
"	-
Ek	AJ
heiti	NC
Guðríðr	VP
,	-
eða	CC
hvert	PQ
er	RP
þitt	DP
heiti	VB
?	-
"	-

	NP
"	-
Ek	AJ
heiti	VB
Guðríðr	VP
"	-
,	-
segir	VB
hon	PD
.	NC

	VB
Þá	DD
rétti	NC
Guðríðr	AP
húsfreyja	NC
hönd	AJ
sína	DP
til	AP
hennar	PE
,	-
at	CS
hún	NC
sæti	VB
hjá	AP
henni	PE
,	-
en	CC
þat	DD
bar	VB
allt	DQ
saman	AV
,	-
at	CS
þá	AV
heyrði	VB
Guðríðr	AP
brest	NC
mikinn	AJ
,	-
ok	CC
var	VB
þá	AV
konan	NC
horfin	AJ
,	-
ok	CU
í	AP
því	DD
var	VB
ok	AV
veginn	VB
einn	NA
Skrælingr	AV
af	AP
einum	AJ
húskarli	NC
Karlsefnis	VB
,	-
því	DD
at	CS
hann	PE
hafði	VB
viljat	VB
taka	VB
vápn	NC
þeira	DD
,	-
ok	CC
fóru	VB
nú	AV
brott	AV
sem	CS
tíðast	AJ
,	-
en	CC
klæði	NC
þeira	DD
lágu	VB
þar	AV
eftir	AP
ok	CC
varningr	NC
.	VB
Engi	AJ
maðr	NC
hafði	VB
konu	NC
þessa	DD
sét	VB
útan	AV
Guðríðr	NC
ein	PD
.	NC

	VB
"	-
Nú	NC
munum	VB
vér	PE
þurfa	VB
til	AP
ráða	VB
at	IM
taka	VB
,	-
"	-
segir	VB
Karlsefni	NC
,	-
"	-
því	DD
at	CS
ek	PE
hygg	VB
,	-
at	CS
þeir	DD
muni	VB
vitja	VB
vár	NC
it	AT
þriðja	NO
sinn	NC
með	AP
ófriði	NC
ok	CU
fjölmenni	NC
.	NC
Nú	NC
skulum	VB
vér	PE
taka	VB
þat	DD
ráð	NC
,	-
at	CS
tíu	NA
menn	NC
fari	VB
fram	AV
á	AP
nes	NC
þetta	DD
ok	CC
sýni	VB
sik	PE
þar	AV
,	-
en	CC
annat	DQ
lið	NC
várt	DP
skal	VB
fara	VB
í	AP
skóg	NC
ok	CC
höggva	VB
þar	AV
rjóðr	NC
fyrir	AP
nautfé	UA
váru	VB
,	-
þá	AV
er	RP
liðit	NC
kemr	VB
fram	AV
ór	AP
skóginum	NC
.	DQ
Vér	NC
skulum	VB
ok	CC
taka	VB
griðung	NC
várn	DP
ok	CC
láta	VB
hann	PE
fara	VB
fyrir	AP
oss	PE
.	NC
"	-

	VB
En	VB
þar	AV
var	VB
svá	AV
háttat	AJ
,	-
er	RP
fundr	NC
þeira	DD
var	VB
ætlaðr	VB
,	-
at	CS
vatn	NC
var	VB
öðrum	NC
megin	NC
,	-
en	CC
skógr	NC
á	AP
annan	NO
veg	NC
.	AJ
Nú	NC
váru	VB
þessi	DD
ráð	NC
höfð	VB
,	-
er	RP
Karlsefni	AV
lagði	VB
til	AP
.	NC

	VB
Nú	NC
kómu	VB
Skrælingar	VB
í	AP
þann	DD
stað	NC
,	-
er	RP
Karlsefni	UA
hafði	VB
ætlat	AV
til	AP
bardaga	NC
.	UA
Nú	NC
var	VB
þar	AV
bardagi	NC
,	-
ok	CC
fell	VB
fjölði	NC
af	AP
liði	NC
Skrælinga	PD
.	NC

	VB
Einn	AJ
maðr	NC
var	VB
mikill	AJ
ok	CC
vænn	VB
í	AP
liði	NC
Skrælinga	DD
,	-
ok	CC
þótti	VB
Karlsefni	AV
,	-
sem	CS
hann	PE
mundi	VB
vera	VB
höfðingi	NC
þeira	DD
.	NC

	VB
Nú	NC
hafði	VB
einn	NA
þeira	DD
Skrælinga	DD
tekit	VB
upp	AV
öxi	NC
eina	NA
ok	CC
leit	VB
á	VP
um	AP
stund	NC
ok	CC
reiddi	VB
at	AP
félaga	NC
sínum	DP
ok	CC
hjó	VB
til	AP
hans	PE
.	NC
Sá	NC
fell	VB
þegar	AV
dauðr	AJ
.	NC
Þá	NP
tók	VB
sá	DD
inn	DD
mikli	AJ
maðr	NC
við	AP
öxinni	NC
ok	CC
leit	VB
á	VP
um	AP
stund	NC
ok	CC
varp	VB
henni	PE
síðan	AV
á	AP
sjóinn	NP
,	-
sem	CU
lengst	AV
mátti	VB
hann	PE
.	NC
En	VB
síðan	AV
flýja	VB
þeir	DD
á	AP
skóginn	NC
,	-
svá	AV
hverr	DQ
sem	CS
fara	VB
mátti	VB
,	-
ok	CU
lýkr	VB
þar	AV
nú	AV
þeira	DD
viðskiptum	NC
.	NC

	VB
Váru	VB
þeir	DD
Karlsefni	AV
þar	AV
þann	DD
vetr	NC
allan	DQ
.	NC
En	VB
at	AP
vári	NC
þá	AV
lýsir	VB
Karlsefni	AV
,	-
at	CS
hann	PE
vill	VB
eigi	AV
þar	AV
vera	VB
lengr	AV
ok	CC
vill	VB
fara	VB
til	AP
Grænlands	NC
.	NC
Nú	NC
búa	VB
þeir	DD
ferð	NC
sína	DP
ok	CU
höfðu	-
þaðan	AV
mörg	AJ
gæði	VB
í	AP
vínviði	NC
ok	CC
berjum	NC
ok	CC
skinnvöru	NC
.	NC
Nú	NC
sigla	VB
þeir	DD
í	AP
haf	NC
ok	CC
kómu	VB
til	AP
Eiríksfjarðar	NC
skipi	NC
sínu	DP
heilu	AJ
ok	CC
váru	VB
þar	AV
um	AP
vetrinn	NC
.	NC



	VB
8	NA
.	NC
Ódæðisverk	NC
Freydísar	NC
á	AP
Vínlandi	NC
.	NC


	NC
Nú	NC
tekst	NC
umræða	NC
at	IM
nýju	AJ
um	AP
Vínlandsferð	AJ
,	-
því	DD
at	CS
sú	DD
ferð	NC
þykkir	VB
bæði	CC
góð	AJ
til	AP
fjár	NC
ok	CC
virðingar	NC
.	NC

	VB
Þat	AV
sama	AJ
sumar	NC
kom	VB
skip	NC
af	AP
Nóregi	NC
til	AP
Grænlands	NC
,	-
er	RP
Karlsefni	AV
kom	VB
af	AP
Vínlandi	NC
.	NC
Því	AP
skipi	NC
stýrðu	VB
bræðr	NC
tveir	NA
,	-
Helgi	VB
ok	CC
Finnbogi	VB
,	-
ok	CC
váru	VB
þann	DD
vetr	NC
á	AP
Grænlandi	NC
.	NC
Þeir	AJ
bræðr	NC
váru	VB
íslenzkir	AJ
at	AP
kyni	NC
ok	CC
ór	AP
Austfjörðum	NC
.	NC

	VB
Þar	NC
er	VB
nú	AV
til	AP
at	IM
taka	VB
,	-
at	CU
Freydís	NC
Eiríksdóttir	AV
gerði	VB
ferð	NC
sína	DP
heiman	AV
ór	AP
Görðum	NC
ok	CC
fór	VB
til	AP
fundar	NC
við	AP
þá	DD
bræðr	NC
,	-
Helga	VB
ok	CC
Finnboga	AJ
,	-
ok	CC
beiddi	VB
þá	AV
,	-
at	CS
þeir	DD
færi	VB
til	AP
Vínlands	NC
með	AP
farkost	NC
sinn	DP
ok	CC
hafa	VB
helming	NC
gæða	NC
allra	DQ
við	AP
hana	PE
,	-
þeira	DD
er	RP
þar	AV
fengist	VB
.	UA
Nú	NC
játtu	VB
þeir	DD
því	DD
.	NC

	VB
Þaðan	AJ
fór	VB
hon	PE
á	AP
fund	NC
Leifs	DP
,	-
bróður	NC
síns	DP
,	-
ok	CC
bað	VB
,	-
at	CS
hann	PE
gæfi	VB
henni	PE
hús	NC
þau	DD
,	-
er	RP
hann	PE
hafði	VB
gera	VB
látit	VB
á	AP
Vínlandi	NC
.	NC
En	VB
hann	PE
svarar	VB
inu	DD
sama	AJ
,	-
kveðst	VB
ljá	NC
mundu	VB
hús	NC
,	-
en	CC
gefa	VB
eigi	AV
.	NC

	VB
Sá	AJ
var	VB
máldagi	NC
með	AP
þeim	DD
bræðrum	NP
ok	CC
Freydísi	VB
,	-
at	CS
hvárir	PI
skyldu	VB
hafa	VB
þrjá	NA
tigu	NC
vígra	AJ
manna	NC
á	AP
skipi	NC
ok	CC
konur	NC
um	AP
fram	AV
.	NC
En	VB
Freydís	NC
brá	VB
af	AP
því	DD
þegar	AV
ok	CC
hafði	VB
fimm	AJ
mönnum	NC
fleira	AJ
ok	CU
leyndi	VB
þeim	DD
,	-
ok	CC
urðu	VB
þeir	DD
bræðr	NC
eigi	AV
fyrri	AV
við	AP
þá	DD
varir	AJ
en	CS
þeir	DD
kómu	VB
til	AP
Vínlands	NC
.	NC

	VB
Nú	NC
létu	VB
þau	DD
í	AP
haf	NC
ok	CC
höfðu	UA
til	AP
þess	PE
mælt	VB
áðr	AV
,	-
at	CS
þau	DD
myndi	VB
samflota	VB
hafa	VB
,	-
ef	CU
svá	AV
vildi	VB
verða	VB
,	-
ok	CU
þess	DD
var	VB
lítill	AJ
munr	NC
.	NC
En	VB
þó	AV
kómu	VB
þeir	DD
bræðr	NC
nökkuru	VB
fyrri	AV
ok	CU
höfðu	NP
upp	AV
borit	VB
föng	NC
sín	DP
til	AP
húsa	NC
Leifs	CS
.	NC
En	VB
er	CS
Freydís	NC
kom	VB
at	AP
landi	NC
,	-
þá	AV
ryðja	VB
þeir	DD
skip	NC
sitt	DP
ok	CC
bera	VB
upp	AV
til	AP
húss	NC
föng	AJ
sín	DP
.	NC

	VB
Þá	DD
mælti	VB
Freydís	NC
:	-
"	-
Hví	NC
báruð	VB
þér	PE
inn	AV
hér	AV
föng	VB
yður	DP
?	-
"	-

	VB
"	-
Því	VB
,	-
at	CS
vér	PE
hugðum	VB
,	-
"	-
segja	VB
þeir	DD
,	-
"	-
at	CU
haldast	NC
mundi	VB
öll	AJ
ákveðin	AJ
orð	NC
með	AP
oss	PE
.	NC
"	-

	VB
"	-
Mér	NC
léði	VB
Leifr	NC
húsanna	NC
,	-
"	-
segir	VB
hon	PD
,	-
"	-
en	CC
eigi	AV
yðr	PE
.	NC
"	-

	VB
Þá	NP
mælti	VB
Helgi	AV
:	-
"	-
Þrjóta	NP
mun	VB
okkr	PE
bræðr	NC
illsku	NC
við	AP
þik	PE
,	-
"	-
-	-
báru	VB
nú	AV
út	AV
föng	AJ
ok	CC
gerðu	VB
sér	PE
skála	NC
ok	CC
settu	VB
þann	DD
skála	NC
firr	AV
sjónum	NC
á	AP
vatnsströndu	NC
ok	CC
bjuggu	NC
vel	AV
um	AP
.	NC
En	VB
Freydís	NC
lét	VB
fella	VB
viðu	NC
til	AP
skips	NC
síns	DP
.	NC

	VB
Nú	NC
tók	VB
at	AP
vetra	NC
,	-
ok	CC
töluðu	DQ
þeir	DD
bræðr	NC
,	-
at	CU
takast	VB
myndi	VB
upp	AV
leikar	NC
ok	CC
væri	VB
höfð	NC
skemmtan	NC
.	PI
Svá	NC
var	VB
gert	VB
um	AP
stund	NC
,	-
þar	AV
til	AP
er	CS
menn	NC
bárust	VB
verra	AJ
í	AP
milli	AP
.	NC
Ok	CS
þá	AV
gerðist	VB
sundrþykki	NC
með	AP
þeim	DD
,	-
ok	CC
tókust	VB
af	AP
leikar	NC
,	-
ok	CC
engar	DQ
gerðust	NC
kvámur	NC
milli	AP
skálanna	NC
,	-
ok	CC
fór	VB
svá	AV
fram	AV
lengi	AV
vetrar	NC
.	NC

	VB
Þat	AV
var	VB
einn	NA
morgin	NC
snemma	AV
,	-
at	CU
Freydís	PE
stóð	VB
upp	AV
ór	AP
rúmi	NC
sínu	DP
ok	CC
klæddist	VB
ok	CC
fór	VB
eigi	AV
í	AP
skóklæðin	NC
,	-
en	CC
veðri	NC
var	VB
svá	AV
farit	VB
,	-
at	CS
dögg	NC
var	VB
fallin	VB
mikil	AJ
.	NC
Hon	NC
tók	VB
kápu	NC
bónda	NC
síns	DP
ok	CC
fór	VB
í	AP
,	-
en	CC
síðan	AV
gekk	VB
hon	PE
til	AP
skála	NC
þeira	DD
bræðra	NC
ok	CC
til	AP
dura	NC
.	DQ
En	VB
maðr	NC
einn	AJ
hafði	VB
út	AV
gengit	VB
litlu	VB
áðr	AV
ok	CC
lokit	VB
hurð	NC
aftr	AV
á	AP
miðjan	AJ
klofa	NC
.	NC
Hon	NC
lauk	VB
upp	AV
hurðinni	NC
ok	CC
stóð	VB
í	AP
gáttum	AJ
stund	NC
þá	AV
ok	CC
þagði	VB
.	NC
En	NC
Finnbogi	VB
lá	NC
innstr	NC
í	AP
skálanum	NC
ok	CU
vakði	VB
.	NC

	VB
Hann	UA
mælti	VB
:	-
"	-
Hvat	NP
villtu	AV
hingat	AV
,	-
Freydís	FW
?	-
"	-

	VB
Hon	NC
svarar	VB
:	-
"	-
Ek	AJ
vil	NC
,	-
at	CU
þú	PE
standir	VB
upp	AV
ok	CU
gangir	VB
út	AV
með	AP
mér	PE
,	-
ok	CC
vil	VB
ek	PE
tala	VB
við	AP
þik	PE
.	NC
"	-

	VB
Svá	NC
gerir	VB
hann	PE
.	NC
Þau	AJ
ganga	VB
at	AP
tré	NC
,	-
er	RP
lá	VB
undir	AP
skálavegginum	NC
,	-
ok	CC
settust	VB
þar	AV
niðr	AV
.	NC

	VB
"	-
Hversu	NC
líkar	VB
þér	PE
?	-
"	-
segir	VB
hon	PD
.	NC

	VB
Hann	AJ
svarar	VB
:	-
"	-
Góðr	AJ
þykkir	VB
mér	PE
landkostr	AV
,	-
en	CC
illr	AJ
þykkir	VB
mér	PE
þústr	NC
sá	DD
,	-
er	RP
vár	NC
á	VB
milli	AP
er	VB
,	-
því	DD
ek	PE
kalla	VB
ekki	PI
hafa	VB
til	VP
orðit	VB
.	NC
"	-

	VB
"	-
Þá	DD
segir	VB
þú	PE
sem	CS
er	VB
,	-
"	-
segir	VB
hon	PD
,	-
"	-
ok	CC
svá	AV
þykkir	VB
mér	PE
.	NC
En	VB
þat	DD
er	VB
erendi	NC
mitt	DP
á	AP
þinn	DP
fund	NC
,	-
at	CS
ek	PE
vilda	VB
kaupa	VB
skipum	NC
við	AP
ykkr	PE
bræðr	NC
,	-
því	DD
at	CS
þit	PE
hafið	VB
meira	AJ
skip	NC
en	CS
ek	PE
,	-
ok	CC
vilda	VB
ek	PE
í	AP
brott	AV
heðan	AV
.	VB
"	-

	VB
"	-
Þat	CC
mun	VB
ek	PE
láta	VB
gangast	VB
,	-
"	-
segir	VB
hann	PE
,	-
"	-
ef	CS
þér	PE
líkar	VB
þá	AV
vel	AV
.	NC
"	-

	VB
Nú	AV
skilja	VB
þau	DD
við	AP
þat	DD
,	-
gengr	VB
hon	PE
heim	AV
,	-
en	CC
Finnbogi	VB
til	AP
hvílu	NC
sinnar	DP
.	NC
Hon	NC
stígr	VB
upp	AV
í	AP
rúmit	AJ
köldum	NC
fótum	NC
,	-
ok	CC
vaknar	VB
hann	PE
Þorvarðr	VB
við	AP
ok	CU
spyrr	VB
,	-
hví	PQ
at	CS
hon	PE
væri	VB
svá	AV
köld	AJ
ok	CC
vát	VB
.	NC

	VB
Hon	NC
svarar	VB
með	AP
miklum	AJ
þjósti	NC
:	-
"	-
Ek	AJ
var	VB
gengin	VB
,	-
"	-
segir	VB
hon	PD
,	-
"	-
til	AP
þeira	DD
bræðra	NC
at	AP
fala	AJ
skip	NC
af	AP
þeim	DD
,	-
ok	CC
vilda	VB
ek	PE
kaupa	VB
meira	AJ
skip	NC
.	NC
En	VB
þeir	DD
urðu	VB
við	AP
þat	DD
svá	AV
illa	AV
,	-
at	CS
þeir	DD
börðu	VB
mik	PE
ok	CC
léku	VB
sárliga	AV
,	-
en	CC
þú	PE
,	-
vesall	AJ
maðr	NC
,	-
munt	VB
hvárki	CC
vilja	VB
reka	VB
minnar	DP
skammar	NC
né	CC
þinnar	DP
,	-
ok	CC
mun	VB
ek	PE
þat	DD
nú	AV
finna	VB
,	-
at	CU
ek	PE
em	VB
í	AP
brottu	AV
af	AP
Grænlandi	NC
,	-
ok	CC
mun	VB
ek	PE
gera	VB
skilnað	NC
við	AP
þik	PE
,	-
útan	CS
þú	PE
hefnir	VB
þessa	DD
.	NC
"	-

	VB
Ok	NC
nú	AV
stóðst	VB
hann	PE
eigi	AV
átölur	VB
hennar	PE
ok	CC
bað	VB
menn	NC
upp	AV
standa	VB
sem	CS
skjótast	AJ
ok	CC
taka	VB
vápn	NC
sín	DP
,	-
ok	CC
svá	AV
gera	VB
þeir	DD
ok	CC
fara	VB
þegar	AV
til	AP
skála	NC
þeira	DD
bræðra	NC
ok	CC
gengu	VB
inn	AV
at	AP
þeim	DD
soföndum	AJ
ok	CC
tóku	VB
þá	AV
ok	AV
færðu	NC
í	AP
bönd	NC
ok	CC
leiddu	VB
svá	AV
út	AV
hvern	DQ
,	-
sem	CS
bundinn	VB
var	VB
.	NC
En	AJ
Freydís	NC
lét	VB
drepa	VB
hvern	PQ
,	-
sem	CS
út	AV
kom	VB
.	PI

	VB
Nú	NC
váru	VB
þar	AV
allir	AJ
karlar	NC
drepnir	VB
,	-
en	CC
konur	NC
váru	VB
eftir	VP
,	-
ok	CC
vildi	VB
engi	PI
þær	DD
drepa	VB
.	NC

	NC
Þá	DD
mælti	VB
Freydís	NC
:	-
"	-
Fái	AJ
mér	PE
öxi	VB
í	AP
hönd	NO
.	NC
"	-

	VB
Svá	NC
var	VB
gert	AJ
.	NC
Síðan	NP
vegr	VB
hon	PE
at	AP
konum	NC
þeim	DD
fimm	AJ
,	-
er	RP
þar	AV
váru	VB
,	-
ok	CC
gekk	VB
af	AP
þeim	DD
dauðum	AJ
.	NC

	VB
Nú	NC
fóru	VB
þau	DD
til	AP
skála	NC
síns	DP
eftir	AP
þat	DD
it	DD
illa	AJ
verk	NC
,	-
ok	CC
fannst	VB
þat	DD
eitt	NA
á	VP
,	-
at	CU
Freydís	NC
þóttist	UA
allvel	AV
hafa	VB
um	AP
ráðit	NC
,	-
ok	CC
mælti	VB
við	AP
félaga	NC
sína	DP
:	-
"	-
Ef	VB
oss	PE
verðr	VB
auðit	AJ
at	IM
koma	VB
til	AP
Grænlands	NP
,	-
"	-
segir	VB
hon	PD
,	-
"	-
þá	AV
skal	VB
ek	PE
þann	DD
mann	NC
ráða	VB
af	AP
lífi	NC
,	-
er	RP
segir	VB
frá	AP
þessum	DD
atburðum	NC
.	DQ
Nú	NC
skulum	VB
vér	PE
þat	DD
segja	VB
,	-
at	CS
þau	DD
búi	VB
hér	AV
eftir	AP
,	-
þá	AV
er	RP
vér	PE
fórum	VB
í	AP
brott	AV
.	NC
"	-

	VB
Nú	NC
bjuggu	NC
þeir	DD
skipit	NC
snemma	AV
um	AP
várit	NC
,	-
þat	DD
er	RP
þeir	DD
bræðr	NC
höfðu	-
átt	VB
,	-
með	AP
þeim	DD
öllum	AJ
gæðum	NC
,	-
er	RP
þau	DD
máttu	VB
til	AP
fá	VB
ok	CC
skipit	NC
bar	VB
,	-
sigla	VB
síðan	AV
í	AP
haf	NC
ok	CC
urðu	VB
vel	AV
reiðfara	AJ
ok	CC
kómu	VB
í	AP
Eiríksfjörð	NC
skipi	NC
sínu	DP
snemma	AP
sumars	NC
.	NC
Nú	NC
var	VB
þar	AV
Karlsefni	AJ
fyrir	AP
ok	CC
hafði	VB
albúit	AJ
skip	NC
sitt	DP
til	AP
hafs	NC
ok	CC
beið	VB
byrjar	VB
,	-
ok	CC
er	VB
þat	DD
mál	NC
manna	NC
,	-
at	CS
eigi	AV
mundi	VB
auðgara	AJ
skip	NC
gengit	VB
hafa	VB
af	AP
Grænlandi	NC
en	CU
þat	DD
,	-
er	RP
hann	PE
stýrði	VB
.	NC



	VB
9	NA
.	NC
Þorfinnr	NC
karlsefni	VB
ferr	VB
til	AP
Íslands	NC
.	NC


	NC
Freydís	NC
fór	VB
nú	AV
til	AP
bús	NC
síns	DP
,	-
því	DD
at	CS
þat	DD
hafði	VB
staðit	VB
meðan	CU
óskatt	NC
.	DQ
Hon	NC
fekk	VB
mikinn	AJ
feng	NC
fjár	NC
öllu	AJ
föruneyti	NC
sínu	DP
,	-
því	DD
at	CS
hon	PE
vildi	VB
leyna	VB
láta	VB
ódáðum	AJ
sínum	DP
.	NC
Sitr	VB
hon	PE
nú	AV
í	AP
búi	NC
sínu	DP
.	NC

	VB
Eigi	NC
urðu	VB
allir	AJ
svá	AV
haldinorðir	AJ
,	-
at	IM
þegði	VB
yfir	AP
ódáðum	AJ
þeira	DD
eða	CC
illsku	NC
,	-
at	CS
eigi	AV
kæmi	VB
upp	AV
um	AP
síðir	NC
.	NC
Nú	NC
kom	VB
þetta	DD
upp	AV
um	AP
síðir	NC
fyrir	AP
Leif	NC
,	-
bróður	NC
hennar	PE
,	-
ok	CC
þótti	VB
honum	PE
þessi	DD
saga	NC
allill	DQ
.	NC

	VB
Þá	DD
tók	VB
Leifr	NC
þrjá	NA
menn	NC
af	AP
liði	NC
þeira	DD
Freydísar	NC
ok	CC
píndi	VB
þá	AV
til	AP
sagna	NC
um	AP
þenna	DD
atburð	NC
allan	AJ
jafnsaman	NC
,	-
ok	CC
var	VB
með	AP
einu	AJ
móti	AP
sögn	NC
þeira	DD
.	NC

	VB
"	-
Eigi	VB
nenni	NP
ek	PE
,	-
"	-
segir	VB
Leifr	NC
,	-
"	-
at	IM
gera	VB
þat	DD
við	AP
Freydísi	PE
,	-
systur	NC
mína	DP
,	-
sem	CS
hon	PE
væri	VB
verð	NC
,	-
en	CC
spá	NC
mun	VB
ek	PE
þeim	DD
þess	DD
,	-
at	CS
þeira	DD
afkvæmi	AV
muni	VB
lítt	AV
at	AP
þrifum	AJ
verða	VB
.	NC
"	-

	VB
Nú	NC
leið	VB
þat	DD
svá	AV
fram	AV
,	-
at	CS
engum	PI
þótti	VB
um	AP
þau	DD
vert	AJ
þaðan	AV
í	AP
frá	VP
nema	CS
ills	NC
.	NC

	VB
Nú	NC
er	VB
at	IM
segja	VB
frá	AP
því	DD
,	-
er	RP
Karlsefni	AP
býr	VB
skip	NC
sitt	DP
ok	CC
sigldi	VB
í	AP
haf	NC
.	PI
Honum	NC
fórst	NC
vel	AV
ok	CC
kom	VB
til	AP
Nóregs	NC
með	AP
heilu	AJ
ok	CC
höldnu	NC
ok	CC
sat	VB
þar	AV
um	AP
vetrinn	NC
ok	CC
seldi	VB
varning	NC
sinn	DP
ok	CC
hafði	VB
þar	AV
gott	AJ
yfirlæti	NC
ok	CC
þau	DD
bæði	CC
hjón	NC
af	AP
inum	DD
göfgustum	AJ
mönnum	NC
í	AP
Nóregi	NP
,	-
en	CC
um	AP
várit	NC
eftir	VP
bjó	VB
hann	PE
skip	NC
sitt	DP
til	AP
Íslands	NC
.	PI

	VB
Ok	AV
er	CS
hann	PE
var	VB
albúinn	AJ
ok	CC
skip	NC
hans	PE
lá	VB
til	AP
byrjar	NC
fyrir	AP
bryggjunum	NC
,	-
þá	AV
kom	VB
þar	AV
at	AP
honum	PE
Suðrmaðr	AJ
einn	NA
,	-
ættaðr	VB
af	AP
Brimum	NP
ór	AP
Saxlandi	NC
.	NA
Hann	NC
falar	AJ
at	AP
Karlsefni	AJ
húsasnotru	NC
hans	PE
.	NC

	VB
"	-
Ek	AJ
vil	VB
eigi	AV
selja	VB
,	-
"	-
sagði	VB
hann	PE
.	NC

	NC
"	-
Ek	AJ
mun	VB
gefa	VB
þér	PE
við	AP
hálfa	NC
mörk	VB
gulls	NC
,	-
"	-
segir	VB
Suðrmaðr	AJ
.	NC

	VB
Karlsefni	AJ
þótti	VB
vel	AV
við	AP
boðit	VB
,	-
ok	CC
keyptu	VB
síðan	AV
.	NC
Fór	NC
Suðrmaðr	AJ
í	AP
burt	NC
með	AP
húsasnotruna	NC
,	-
en	CC
Karlsefni	VP
vissi	VB
eigi	AV
,	-
hvat	PQ
tré	NC
var	VB
.	NC
En	VB
þat	DD
var	VB
mösurr	VB
,	-
kominn	VB
af	AP
Vínlandi	NC
.	NC

	VB
Nú	NC
siglir	NC
Karlsefni	AV
í	AP
haf	NC
ok	CC
kom	VB
skipi	NC
sínu	DP
fyrir	AP
norðan	AV
land	NC
í	AP
Skagafjörð	NP
,	-
ok	CC
var	VB
þar	AV
upp	AV
sett	VB
skip	NC
hans	PE
um	AP
vetrinn	NC
.	NC
En	VB
um	AP
várit	NC
keypti	VB
hann	PE
Glaumbæjarland	AV
ok	CC
gerði	VB
bú	NC
á	VP
ok	CC
bjó	VB
þar	AV
,	-
meðan	CU
hann	PE
lifði	VB
,	-
ok	CC
var	VB
it	AT
mesta	AJ
göfugmenni	NC
,	-
ok	CC
er	VB
margt	AJ
manna	NC
frá	AP
honum	PE
komit	VB
ok	CC
Guðríði	NC
,	-
konu	NC
hans	PE
,	-
ok	CC
góðr	AJ
ættbogi	NC
.	NC

	VB
Ok	NC
er	CS
Karlsefni	AV
var	VB
andaðr	VB
,	-
tók	VB
Guðríðr	NC
við	AP
búsvarðveizlu	NC
ok	CC
Snorri	NC
,	-
sonr	NC
hennar	PE
,	-
er	CS
fæddr	NC
var	VB
á	AP
Vínlandi	NC
.	NC

	VB
Ok	AV
er	CS
Snorri	AV
var	VB
kvángaðr	VB
,	-
þá	AV
fór	VB
Guðríðr	VP
útan	AV
ok	CC
gekk	VB
suðr	AV
ok	CC
kom	VB
út	AV
aftr	AV
til	AP
bús	NC
Snorra	NC
,	-
sonar	NC
síns	DP
,	-
ok	CC
hafði	VB
hann	PE
þá	AV
látit	VB
gera	VB
kirkju	NC
í	AP
Glaunbæ	NC
.	NC
Síðan	NC
varð	VB
Guðríðr	NC
nunna	NC
ok	CC
einsetukona	NC
ok	CC
var	VB
þar	AV
,	-
meðan	CU
hon	PE
lifði	VB
.	NC

	VB
Snorri	NC
átti	VB
son	NC
þann	DD
,	-
er	RP
Þorgeirr	NP
hét	VB
.	NC
Hann	NC
var	VB
faðir	NC
Yngvildar	DP
,	-
móður	NC
Brands	DP
biskups	NC
.	NC
Dóttir	NC
Snorra	NC
Karlsefnissonar	NP
hét	VB
Hallfríðr	NC
.	NC
Hon	NC
var	VB
kona	NC
Runólfs	NC
,	-
föður	VB
Þorláks	CC
biskups	NC
.	DQ
Björn	NP
hét	VB
sonr	NC
Karlsefnis	NC
ok	CC
Guðríðar	VB
.	AJ
Hann	NC
var	VB
faðir	NC
Þórunnar	PE
,	-
móður	NC
Bjarnar	NP
biskups	NC
.	NC

	VB
Fjölði	NC
manna	NC
er	VB
frá	AP
Karlsefni	NC
kominn	VB
,	-
ok	CC
er	VB
hann	PE
kynsæll	DD
maðr	NC
orðinn	VB
.	AJ
Ok	NC
hefir	VB
Karlsefni	AP
gerst	VB
sagt	VB
allra	DQ
manna	NC
atburði	NC
um	AP
farar	NC
þessar	DD
allar	AJ
,	-
er	RP
nú	AV
er	VB
nökkut	VB
orði	NC
á	AP
komit	VB
.	NC